cookie_id,score
ck_99a4e5ef02d89493,0.018520763540966698
ck_54d463f7fd89ec3d,0.025835056345563757
ck_0fbbc7a6af300368,0.002698428482599534
ck_8fd4937eadd64fb6,0.009633545154382622
ck_dbb4bd4eda97255d,0.008212995013493379
ck_6e67225ba59fa5ae,0.045905994570854224
ck_94b59bbc824b307a,0.0023141898472472783
ck_b87e88ee5512ea17,0.0026891693109351834
ck_36789ca11459131e,0.02577635653741883
ck_4364a83a11743888,0.00911847386453216
ck_cf59f4fc0ea690b2,0.02471133194164225
ck_bfdd232a7c5f2660,0.02449891257761884
ck_84092e23d5ef4d51,0.04280955453182572
ck_c2925c50ebacbdba,0.0017784310346683847
ck_66c9a19963957531,0.03670071756373816
ck_d637a011332ba67a,0.006161767506782843
ck_1bd753a4681946c8,0.9721815210691344
ck_c30c5844512e429f,0.03087429122445202
ck_396cea6f95186ad2,0.021248586701340902
ck_64a02b7b96149810,0.003043606706628768
ck_b1ed2278f5f14d82,0.041833025187434536
ck_b153386f1729de81,0.006992874481976002
ck_601edf9105b3c321,0.9922715702416312
ck_d3a8333cb389f4c6,0.0081318777927146
ck_3c17841636f6f7dc,0.00932569458851362
ck_333544d173524f70,0.06855836469213802
ck_87c1d0a79e79c84b,0.014292625212659603
ck_585ababa02383b50,0.012629177006004298
ck_3e0149cdee4cb294,0.017377160224428916
ck_b864f64101149c35,0.33262756287722256
ck_5b2728f7cca414ae,0.0003899445251070147
ck_cd7d24e3b095e96e,0.041218435645785666
ck_f3dc0725621b3a35,0.0021415726421054005
ck_9eb08369e983abfa,0.0012047026434238823
ck_7836bf6def26aa87,0.09778832167367664
ck_fd4582e3853ef23f,0.017855495803125215
ck_2cdad03ed069438c,0.02112005496445134
ck_614d936cef98db04,0.005444793276978169
ck_ecc18f40b33be769,0.07772549204971996
ck_a93560aa348d6225,0.025250762788250586
ck_90f3655f0c8a0074,0.002465600331410907
ck_a045a19369016818,0.9963132847143218
ck_69ab9d4784eb77bd,0.006111435885133827
ck_61129937ee466b49,0.02634038339918146
ck_74112e47b8629c2a,0.09130876242276187
ck_d841eba8906e9a15,0.002465923589274191
ck_78aa4b731cbfe251,0.00445789700020836
ck_25394c1b83e0b803,0.014438487627270173
ck_16c501470d9bb006,0.001731994050071007
ck_69ff1b0aa143a168,0.0008592160011897053
ck_6d64190623dea714,0.006777019396247983
ck_5d7721930106dce8,0.021163970447981476
ck_466d4b5366c50b98,0.001846993557270316
ck_641c8e7694b21f3b,0.018227535413373575
ck_66779098e78c1760,0.003076860952165477
ck_ed8f1200fc049c40,0.9621721485836138
ck_55f2ef0de3420e3e,0.043835510083218385
ck_968a99e097ee78c9,0.04630149212918338
ck_a98848eec6c9581e,0.014836840968492282
ck_7eaad325abe3b50c,0.0033436506752916187
ck_834ca727df855f07,0.12229399949772181
ck_6b1ab0742ff04c3e,0.02800752879964957
ck_fcc2059a8d5c41fa,0.06909329151047756
ck_a96887f841e80fc1,0.02226383104972627
ck_718865237134ebe8,0.004153483445930083
ck_5df85a8924e11f27,0.029914306898350947
ck_958c0bd61820147f,0.03275855371553837
ck_b4331140b2e0d4aa,0.025608473196284395
ck_8153cdadd300d234,0.000586285771782285
ck_d4c1da5a1427fd6a,0.030066553515524185
ck_ac32c6e374782b27,0.07255031848421731
ck_465cb8ce232c7670,0.011690368812367522
ck_022a8ae79eb28cf6,0.9448550655937997
ck_7a7f3c4fe0c9d2ca,0.006709725793780337
ck_4802a0a7a1882c88,0.41810548973851974
ck_8b5b5a6b5539e39b,0.7666142622145032
ck_9693b1eb70880205,0.008581079824974979
ck_59a164c40c03a45f,0.10103950869303827
ck_154c8efb19dee665,0.008833532868352709
ck_149662b09d632e41,0.008838515453857098
ck_ddaf228487858bb8,0.029814551939418614
ck_76c23726cd7ca947,0.01431295999495848
ck_32eba3510c8eac5e,0.00584793964506814
ck_41dd44308e6a665a,0.14258515667769012
ck_efbdcd9c181e72ca,0.007639535358949458
ck_771247b5bc16c12a,0.006216816869110797
ck_692a9e8f504b9762,0.0013478144794107957
ck_ceb017baa26e98c8,0.058297336407893065
ck_908b663b2dda94ad,0.045755207341020065
ck_29da59ea3bffb9d8,0.18974882340876587
ck_2795921a055643f6,0.005187911566328709
ck_fec888a7108ca52d,0.9835089105258931
ck_37dab6a0a536ed49,0.04944306070064311
ck_2c1def5c91c52a5b,0.12434708570369787
ck_0cb9f54928f4feee,0.01691211989122383
ck_677e1d0c14cbf569,0.006611741789308223
ck_192fdad892782daf,0.09716141235118815
ck_e5e2624b7fc89774,0.026191063707603816
ck_5138f6c575dec64c,0.006258552023334
ck_5f4a25ffd0b85a47,0.02381643065026633
ck_aebb42afe430e2e9,0.004682359146928744
ck_44e9a18a8645c9d3,0.01541677461877639
ck_79ba8e85678d0224,0.013627726695089324
ck_ef1a1de20d2124cb,0.036430248792434686
ck_e7d903c50d353361,0.04171121432221106
ck_bcbd8588a13f5eef,0.0014696097284965313
ck_80e3041811033443,0.03611968336594297
ck_bdee1221b9addff8,0.004428624824762417
ck_dfc933493561d84f,0.005109725077453998
ck_e0f9506a6d5f4a1a,0.003271969878680889
ck_a911a066ff0f7b56,0.028086614767312754
ck_5c45968a805132e0,0.03956935277085294
ck_152820d8817f478c,0.013127260855686999
ck_13f03ec785cbdae1,0.0027592858296523293
ck_a662b4bf900781e4,0.0008704305198708585
ck_0c0dde42ab64ef87,0.013688884946053002
ck_cb3a40594da6a2ee,0.06232389279760853
ck_a69084a068bcc8aa,0.022864882603486247
ck_f3bce4eccfa6d6bb,0.005293145921513259
ck_794d8935a895e33f,0.024399304554706864
ck_5f217bfe28954e75,0.9962468570229834
ck_9700a00ff9e66216,0.03710766368535423
ck_9a66cb13a9884cc2,0.013904916693721353
ck_522477be6376b450,0.01289161617101675
ck_4f6ed5ea5ab7c429,0.005232953596677634
ck_f5882e6f98b8b4cd,0.000939087887083279
ck_ec01ae5351500355,0.004422558897559966
ck_cc276f71ab6c08fd,0.05708041523775176
ck_b06ce826e593b210,0.060053516995049225
ck_1833c81d693c1e07,0.9340722072023049
ck_b4ad165ace910222,0.009640005625629104
ck_7ce44f4e06d58111,0.0992668954280036
ck_804c5a1fa5753617,0.006190538768766264
ck_db2c0908150cb2cc,0.047740042309265825
ck_8530158e3d7f59e7,0.004936069957063659
ck_efbc79246e32c66a,0.021881239603143657
ck_dfaafdaefa5716b6,0.044643597870489264
ck_75f968be67f46d24,0.023401322151555822
ck_3715bfa7fed2c675,0.008620416756565719
ck_b5935e9722a39819,0.04496231908812638
ck_e83409471d2b0b44,0.03727328774537204
ck_c729d19053387be9,0.06521326449604091
ck_38d4ed52cbe6d123,0.03575337096796895
ck_ea835557d7043667,0.006645641329151434
ck_95b48972061abe82,0.0027279521059665295
ck_2981d16f8a51a8ed,0.09974781294499488
ck_30bf5b0056eea9e9,0.22561078918385666
ck_a1c7adfe26e09a8c,0.020147572905483874
ck_1eeacc26f02fbba4,0.013996330367402596
ck_044fa3b3a003f0b5,0.011248429609341531
ck_6cabb1a133f0b151,0.01535669269953491
ck_b71279e807d0b3a7,0.011187425701268341
ck_ba68841ca2ba073d,0.032061337600118825
ck_e1790b3aa2241b10,0.8160870406684958
ck_0bf48607a874b4d1,0.0017595427230228157
ck_fa8a4a9e77799fcc,0.0012791595108508492
ck_52c311f29ca3aca9,0.0008218343484129935
ck_42c6973d3a6fe983,0.0015287704045686024
ck_b524f7a2e752b9d0,0.009817971678689866
ck_14e58c3fb26a2b4d,0.016206702121138943
ck_ec9976cabc63ff92,0.0028392803072820267
ck_9f50920c894f64e1,0.003625215312702169
ck_0259da8f109017e9,0.002831832448722521
ck_9d8e9ef37797d3af,0.524693726672591
ck_2d28f14d3973d8fb,0.002081494687555346
ck_f5b1200dc6f95760,0.020682650605746367
ck_20d7571ba830009d,0.006660785520980815
ck_54978a073e7a0b1a,0.008586757609697512
ck_6236a461dc0d11a3,0.003277160784367526
ck_7d3a88d1aa649708,0.8311473577303665
ck_742f7c28ddd019e8,0.031025005397217083
ck_d979ef95ee44023d,0.0089335527897296
ck_c01c85bd631d4054,0.002084756739270553
ck_1e832a5b2342554f,0.03309971570366345
ck_9bf95f8c47e7c7b4,0.0063873985582228844
ck_6b38763bf5ddbcef,0.010161075797887642
ck_bda4041a3e90d860,0.011345888788239483
ck_703499f5410280f7,0.0021739550203596874
ck_1eabc15a94bd9009,0.004633806302895936
ck_d5bd8f68da073cd8,0.0060325812525888105
ck_6e6258227fc8db7f,0.0016320931214308214
ck_be9c46acd216b45d,0.03203643621773726
ck_e2f88e202b6f700a,0.014844167932289418
ck_353a272478f7e903,0.014423542028947653
ck_a2c9796ea229a4e2,0.00708489482704495
ck_acee218cbe61df69,0.02139791166985756
ck_9704c5cf8659cedc,0.01807880231541848
ck_4b0947bf94e9d847,0.016765052175307913
ck_bb113e3e6716ed65,0.015104198406483457
ck_60b4d59953505682,0.5041664445571399
ck_7dca4d7ee10b4eeb,0.001799869015318204
ck_4863077723cd6ce1,0.0016354053935205507
ck_469a0578d05990c2,0.0036703938045946757
ck_5db1cb368bc41ac3,0.022464797982492346
ck_b72c7ac4208052ab,0.02977591570249058
ck_abac514d8167ea58,0.032518132893658916
ck_6de2aa2bb60978d3,0.04255860407480875
ck_186dbff4b24a3bbf,0.14863984109962985
ck_7f15503048915d6f,0.0018041669991357065
ck_c35e03b0dd0c3454,0.02152894672797734
ck_2cf8a44e041217de,0.033770567052126534
ck_91955aab3424ad16,0.007492395645246819
ck_a032e8ac1507c6df,0.5892670468444845
ck_342a79f91de5d1fa,0.028090256962170705
ck_3ecd8a5ce65e21ca,0.011369091097086205
ck_45424ea6f0bc4650,0.3232327962798478
ck_41346ccd9242cc8f,0.0019085326030441445
ck_35d6c510ad29362e,0.14609644015612458
ck_9de191bf79afd676,0.017224437134936744
ck_6de6b1663f9457f4,0.00254289480663568
ck_61814ae9b6d8eab1,0.006359088188174956
ck_60187ac2c473a662,0.9380360044921336
ck_c0b50c11e4f5adf7,0.03148169246341805
ck_062754f8b79b86e5,0.002310279341954678
ck_0027b5d4107d65d8,0.04965941636771848
ck_d61c837b0106085a,0.06216443244030943
ck_a99e0c258ad7576b,0.006721284000255144
ck_e76257caa98dc25d,0.9850975439436296
ck_9a65fcfc7916f93f,0.001076879371486499
ck_c972b0e781efed3b,0.005076498878839881
ck_3a632cdf2c19051b,0.0206243315841954
ck_9724718fe64c6557,0.9675489988083064
ck_d44dc3839a195c8a,0.04740823732271457
ck_2fc70b6baf6a0e26,0.004620415898872458
ck_b4911c42f3bff740,0.001582535152492932
ck_53428573abcd606f,0.03168728688116619
ck_c8198cb4c461304f,0.016386034056035337
ck_852c50bbba1ead13,0.09405658566346604
ck_d5ef6dc116dee408,0.006619904473053694
ck_3ac528caac74f563,0.010073467281546896
ck_1b0b7c3d35ab1259,0.07770838411309552
ck_f1a9d832b700bda1,0.9647726763458446
ck_343e6ed2b9d35c01,0.005298179431061927
ck_803c0b4cf9d4bc1d,0.02754833949979531
ck_c457e9c9224b773d,0.02243447288283867
ck_d305b4d82f63f647,0.002148002386561783
ck_22bd0fc71f95e048,0.09646402701069362
ck_aab23b5470469649,0.011684661319140654
ck_fe0a9372c9372de9,0.005024391368856921
ck_f6c909c205767956,0.031004875349411227
ck_295bca29c34cfe2e,0.07791163541300222
ck_74e60495f8861156,0.020675416954340727
ck_bd20be9a3392d79b,0.003358586399184851
ck_952da7ca9f33decb,0.029161178973006536
ck_900d62b3184378c7,0.0023614542644953885
ck_eafe9b89857149b5,0.008476121233055621
ck_509cece86a558de4,0.0049720350610808865
ck_c423aa6de3ed1e01,0.001794996893904865
ck_b5a84c5547378c10,0.0012296558114085468
ck_9528e1d6b1707870,0.023726567223316553
ck_668c7fc7d7e47c0e,0.03673313868578807
ck_5d72ff6cc2963d1a,0.004980626431227457
ck_6c084bfcb38e96c3,0.05882744999429074
ck_66439e697695224c,0.0028199671912435215
ck_e975002c979e12c7,0.07004689833267222
ck_8e039b23acaaac00,0.06829813836791335
ck_9ccb17c35e636c5e,0.014927458133833177
ck_abd3aa292f8edb4d,0.1017445109106558
ck_3ec9b9d8dd7be11c,0.021977997044387437
ck_d6f5c8741697abb3,0.019855925557489187
ck_5d75ea4f5c9080bc,0.7423193021307354
ck_a4db6e94a8f77f9d,0.028768861005508496
ck_01c1f06692566ca1,0.011519703125038052
ck_dac7c50bd6d0148f,0.0032698392587638004
ck_857a1f5547b9ad68,0.016520508876043997
ck_aefd1ce3ce093cbd,0.0005309040157735979
ck_7b59d22cadef3b05,0.12650854616625842
ck_6bc0e5b8c0b7d2bd,0.05985770103615256
ck_2c44ca550e5cfa82,0.08119608011432143
ck_e4ac22046699b99f,0.009911762449828965
ck_ee7a515e87d17d4e,0.005587246178685778
ck_5e512ef5362a3dd6,0.010623522779146357
ck_df1f2dba802296be,0.7914586786077592
ck_49bdba9ee1899dfe,0.09437586874025593
ck_52730906e5b461eb,0.7487158443444202
ck_dab34cf6f0626c9b,0.03721760968001518
ck_f9d8b4813a88c1e6,0.005654615034942957
ck_c0c4be3f44311b04,0.0034501207650380694
ck_ae3b47d6e1063704,0.009234117519358388
ck_533672fb40531607,0.13074206324850657
ck_2a244f1ae08ef83c,0.017894452019910807
ck_fe429ba3e1aa0e4f,0.014985456455477712
ck_18444be153bac1ca,0.8937446779983143
ck_2ef76f1f36e8b869,0.05591206386234098
ck_99ee90946395d74d,0.44048571981560686
ck_bf2228a052815840,0.0026736896097977053
ck_1bb212d1288b9689,0.04644311546622531
ck_9949f53c155b8dde,0.003168560174101634
ck_04a1a46f07885296,0.024033238608010616
ck_70c7679199776a90,0.013510551610485871
ck_231e6dd1fe708000,0.011655053469541758
ck_e013d88ea7939616,0.008327799339258861
ck_d229cf7f5a3f38ca,0.005241931851273085
ck_0ad6fa0e23c3bd0a,0.07642799733078537
ck_3a3daa8b376f2a18,0.0023566807106901646
ck_f0d6633d0834fff5,0.033584050520051416
ck_5472214011fbc2a7,0.002527333171354721
ck_e0239e6ae30795a7,0.0155043535620723
ck_646bb3c7be5f0817,0.03797067028614296
ck_a9e7f3b2d5dfd97b,0.004212070283431416
ck_d5ef1f6e34bb35b8,0.0409761742980068
ck_615277c8a4e2b18b,0.004790222040717556
ck_11318f7c041a5ba9,0.013150707048788646
ck_6d69e092f9b0848b,0.02172522280188073
ck_fbdac0221bc03f66,0.020941703718383352
ck_3854c08d17704347,0.029119635463005198
ck_a9989a3a94c26634,0.01693050662242246
ck_d3cfb3603f2c6ca3,0.04258123061934416
ck_ba54e0a1c328119b,0.5804204070714939
ck_ecfb771ed2352085,0.01750064512513777
ck_2401e8ff89e574fd,0.8514901039173791
ck_54e2eb018d947790,0.02297811371359061
ck_ad7269eaa65c67f9,0.011471212242676275
ck_cf2ca4f286e289ba,0.04468435978100235
ck_ccfc9ab888ba933d,0.015348984451002749
ck_c881f26c9bf9ae42,0.5129866484271571
ck_a7afdac4ecbf2de4,0.4503849330781378
ck_57d0a7eb7eae2eaf,0.05179655750591985
ck_3fb95862b70f505c,0.03038237643841589
ck_5478eb69ef912785,0.09873606403242038
ck_bf4e7d48770a4a8b,0.039714538174959145
ck_5875828b11406398,0.017131053532835647
ck_3019afee83342701,0.013834564803806034
ck_dfa0ac11fcb1dabd,0.0036147558761777912
ck_2d695f8358383092,0.016060693045567374
ck_7717fcb100dc4b5f,0.024177414441527188
ck_682262b455a9edd4,0.0011184406207232632
ck_18270fee7c8fcee8,0.002900736874089264
ck_e6d3ce445b86003f,0.0035872341892672307
ck_61d7b0568ec5d6cf,0.015321992483007769
ck_bd1bf9e3e29de281,0.06011204007705998
ck_7ea0bf310fc20c7b,0.5053698694464553
ck_328696b8f5e54ec6,0.08321232555010667
ck_1507f5aa50cdf3a0,0.012635847076545637
ck_ca10102961f99eb4,0.0027038792949607964
ck_61b79dec96d15713,0.003809466844310993
ck_ca7b993e8286af7f,0.006524041088208035
ck_c9dcd92b2f836b61,0.06888436425617434
ck_fe2fc7d6e5d83f09,0.0062822389896754465
ck_b6e3af0a5119d9a0,0.03943436759907954
ck_e535fb0f0c00418d,0.04059502488879464
ck_31109c899336348d,0.010002175188889652
ck_d4e024fcda401a31,0.004078123187901257
ck_9cbef9bc95449dca,0.015207742416029837
ck_a397cd64ec5d644b,0.009574399224216407
ck_b0f191e44f9b6f35,0.04396365567796038
ck_3049d744b527f4d0,0.010380241276841489
ck_6f661b428d6fb8e4,0.03627878005116713
ck_da59ab47cb6284ad,0.0011241232825722402
ck_5576ffc6aaf6f22c,0.0012929779839202307
ck_8955d7b9030d5eb5,0.00596609773420342
ck_78a61215675b38f0,0.020201629316616836
ck_001e42551cd06e40,0.003523563973659223
ck_3b6057d51fd4c7d6,0.0024658022783348665
ck_87110d84872c0fed,0.017377173234237035
ck_f034adb57391f3d7,0.08958864257961444
ck_d84b5403da4cea7b,0.04539139855726213
ck_f04062216f95fa00,0.0472216653740702
ck_d9573100bbff4014,0.18349301779844443
ck_b5d0d223ef56473f,0.022836613819016666
ck_3aabf5e0f4defb41,0.010147990286032475
ck_ac449ee0c315edde,0.0015821808180573101
ck_085d8c42739e2b10,0.9986827306698469
ck_937402a60df0821c,0.0025480936331209727
ck_cd1dc68e441222b1,0.9304733649975393
ck_714c5d7cb17bc9f2,0.006915157779584815
ck_1d01b4a609918c4e,0.9834788191174948
ck_cc1c0b93d05b7d20,0.09786300496395542
ck_46f4e1f5026f4d1b,0.0005618687854511737
ck_779491819995625d,0.0344467605306369
ck_46bec0bff167ed3f,0.028593834268036047
ck_92d679d6ac7dcdcb,0.09952539270209312
ck_22a7cf3b99c5e5fd,0.015633373504315845
ck_09faa4e771cf876b,0.013869939185845372
ck_0b2eeb4e00ff7955,0.009563413238742394
ck_9843d0e61c37ebe8,0.9973709139446396
ck_e2f792fae128b18e,0.07132509783044677
ck_00aa5fc3b3bc66aa,0.0430003933773219
ck_3dc378f37d0b74b8,0.012648469079127098
ck_5e98ed6391d9f429,0.029437303251298615
ck_9036b2e5e9298a34,0.005183828358063813
ck_a1cdebfc42a52448,0.0019742676331416767
ck_5f48762a14a0326f,0.002401853146435613
ck_8adb40b168b59d7c,0.04076478782289525
ck_c08e64d424e56c05,0.029690923632070973
ck_68914e67343a7d32,0.010716709793087621
ck_09e9c51eb538b255,0.010018651670427916
ck_f9a68da9e0f0bc85,0.005770629610077264
ck_498a0acd450944d8,0.0016644465156477896
ck_67ab6f9e05c85085,0.015615862006365647
ck_aac70764dde15168,0.013043139609639888
ck_e5ece47d0dd10526,0.010429805804160327
ck_aa8b9b36a099e4c8,0.06933759184256212
ck_8d2f62930777416b,0.08754433648832177
ck_8312c49b1431a406,0.008732990744899142
ck_6438ae81d43cb196,0.012335490358119868
ck_949f08f8e80e93ea,0.002977477380429271
ck_f9b439c9161c3e52,0.0031037890430565935
ck_4dd4ed23e0b927b7,0.42288289160763065
ck_18b36d342b530af4,0.005037342369024043
ck_8c8c98cc694ac900,0.05191147666105357
ck_74b502b20690ccfe,0.0128111900126806
ck_7f0c4f609673ef62,0.013437849606070387
ck_02241f3dc301bebf,0.01606836003573629
ck_6e5752b87324b58c,0.012339909440804544
ck_b4068439c413b150,0.014969452308799164
ck_bc82fb1895fddde5,0.006041915301130492
ck_0a45d033d4e280ea,0.02249298153619147
ck_39a3f1da060e88bf,0.007363978982260533
ck_8f1cbc432e2774f8,0.05038264108426094
ck_8ef97b55a5fd6ec9,0.0028658657749790514
ck_aded05ada490da20,0.007374075691757526
ck_335e63101b1e6c4c,0.17413751234011826
ck_e5c30947b732f661,0.1777805736473769
ck_f824b326d5089885,0.20353510532294644
ck_a4d7f6a5869d440a,0.9747218106553016
ck_58e20f5a3e7f11b8,0.6977715194052072
ck_a04403073c90ce38,0.0009259883323897155
ck_9eea37d2de633b27,0.0067049840935188044
ck_fecb39c82c43e76d,0.009892687302578355
ck_f5adad75e1c06731,0.031550750051547546
ck_43dc13b6b6d31297,0.04390163663182593
ck_3acdb083e0d8ad61,0.0031236895121957327
ck_54bfd70022c66983,0.0041890850506641295
ck_c422ba389ff00781,0.002061105100059934
ck_b26cdb2b7b165d2e,0.04583961077944495
ck_4563227b2038ae07,0.2059352107013302
ck_355c4f29089731e8,0.7075793989770808
ck_fa4211c4d826d830,0.0017441013433694354
ck_e886ba71d4a6fd73,0.03831914105116472
ck_f76d929541ed41dd,0.04809290586463957
ck_0f37c554a5057801,0.7796682660709922
ck_0a7ba51d626e932a,0.02795307168134973
ck_55efc92394fee232,0.004900167742591782
ck_1df4b46c0a4c317d,0.04537897336085784
ck_ee52c7bf88f952ab,0.01145286326025322
ck_bc273f3ce79f7e1a,0.00334768642500036
ck_9371c700d9830326,0.02442089209497217
ck_65acc43a6dc3e65d,0.007617759993079527
ck_b0ee3a98175b462d,0.004870129818537668
ck_dfbb2056f1ef7d3b,0.005804673256742758
ck_5043e474f848346d,0.028034623692055963
ck_6be8ae9d78148882,0.013224466958559791
ck_fd4cf578e87703ff,0.03237760997508469
ck_8b24eadf6c72b30c,0.6817591989719667
ck_38c1c75cf055031b,0.031320842012191395
ck_c8001bdb9aafc8a6,0.01546434660981925
ck_d598fe8d2c779ab9,0.015564324265594428
ck_af25c72d16299258,0.0027425166045498646
ck_0c1f088e17e46daf,0.03995661410355682
ck_6c7b41374f9b2e55,0.008594897272270615
ck_e4fd8cbd842b6993,0.0016573202973824762
ck_220fda3c11c59b6c,0.1101490899748757
ck_e3e95546a84d0ed8,0.04383396339754854
ck_53c8315b5c30acb4,0.007673201810933781
ck_fdcb1d9265d8fec1,0.034792160103581354
ck_94f4266ee7871345,0.003004478379047313
ck_7a7e40ee3f97c035,0.05761943441952475
ck_6a519bdac0d94527,0.005602267639132795
ck_ff30dda2c881a4bd,0.4537816035867177
ck_e7b4016909405981,0.0026484639674339075
ck_1abb93f6924645e1,0.02602374484733803
ck_5e74fdadb93ff293,0.026350186491085118
ck_fc2a6e27b10b10e9,0.0023478763588103916
ck_47ab8e51e5b3a2d8,0.0021541061688485933
ck_246989b0c288664f,0.022002650036163796
ck_ddc7c1f3d45fe6e6,0.024349039970355806
ck_0acc3d8c67218b9d,0.008121322950988722
ck_4c840e5585a7b167,0.0812408938908062
ck_1d30eef7110809e5,0.23946125516036793
ck_ebbc9418cd41f692,0.001479617234073202
ck_93cc12703b500613,0.034868748244787084
ck_5060aefcc8b6f958,0.01708014126670035
ck_0595c2a0c7881e05,0.02025422003291639
ck_d9735647a6b0b0a7,0.5068614277218407
ck_f89719a854fe11d7,0.012183658163674841
ck_d813e15ac91f487c,0.05901686236607392
ck_cb8551453a7bb929,0.010840593516973822
ck_8642e3b6d84f49d3,0.009351762962237806
ck_9ec7f334604a228f,0.017418408026646712
ck_e0b7e2c0bbe228d9,0.0037649132046689176
ck_e7b40b60786c1530,0.0023800446421527507
ck_edf229c17d25dac1,0.17170834596288295
ck_4424a5223ba2fe00,0.010886980969736863
ck_c96ae2c28086a059,0.16463586530413626
ck_ee40498cd97183d3,0.003291287941485041
ck_13d1b192bbff8f32,0.010427203612756857
ck_079bd18dacb704a8,0.12359471360501906
ck_884168153c9c0c81,0.005078486029914268
ck_dbe58392635133ca,0.023939185029433888
ck_9440335375701f44,0.021693653574357877
ck_9083ca9fec2a7f4c,0.009229406870276867
ck_2f9fd36a4a40a6a8,0.0007294333039789054
ck_8bf46e472f3e20de,0.10655534694865505
ck_a76ee3b3e3e522fd,0.07947177961745615
ck_9dd7daacb7833233,0.00987418711002966
ck_8eaf9509ad9462a0,0.0009393871342432493
ck_c5517923458106ae,0.004941281555735921
ck_74a4244eb1f162e4,0.000566557999713116
ck_fe1b1adae3be70a6,0.6550126615591746
ck_571133b2aa8ead51,0.019304844647988602
ck_2b87683c90acb852,0.04825677364320879
ck_3f730318a9792292,0.014011417319340013
ck_70804f60d9704128,0.07493750468951983
ck_7356f47dbbbe7904,0.009567780815689795
ck_e7651fb87bb24132,0.0036840128158472036
ck_4a59f4e10bf45d7f,0.0026808910662885588
ck_98e337806104dd88,0.0032848339542889374
ck_c39a9e75760e3201,0.009314962587298
ck_39d5f6c17c745ab1,0.002495248013427076
ck_ccbdfe744acff8bb,0.025309905164041763
ck_d6ba7ffd2ae08863,0.008721942148532537
ck_0eeb3d9b3e697edb,0.017306591868234356
ck_2a65f1cc23f1180e,0.002058121423239392
ck_c91b7fccf6aeb4a5,0.03670434407586039
ck_e55b7fa67db1ec27,0.0011741826161669523
ck_214af0806470ef48,0.00922006153531334
ck_7fbb709a0fe95759,0.0009492934360192777
ck_4a9a791a1d409a3d,0.06353906656941108
ck_99e52c3c2530b69e,0.986952427580457
ck_eb3fb1106f2f1b21,0.1426285752789955
ck_08b77ad5f8f73007,0.00964137883043764
ck_934fb5064b6eefe2,0.0027707416764889445
ck_6a92cf5f4cf5de38,0.02763260147393895
ck_9ea5872f14cce338,0.018321358110399304
ck_6ff6883633b8c7ba,0.0018766207896967993
ck_f19030e6e85a6776,0.0349674825977102
ck_cdabe60ab59f9d5a,0.009595974175002613
ck_75fb7e56432ee4b2,0.0010235436088304147
ck_bb84b2b30293f566,0.3131322274446945
ck_b898d912d1181ef9,0.018818045982503317
ck_348a525791ae6475,0.06947931992398129
ck_18ddf7e836256e3b,0.01745607287301461
ck_5b73d7c5255e58a3,0.1547697396539625
ck_48d4d63beb26b623,0.009649864295379859
ck_020eb0e454524ecd,0.0017675857113835566
ck_961ddb8ff55d868e,0.0009753440916477706
ck_109fc467ec0a4af5,0.11392340387415709
ck_a872df31b28a5f7f,0.14922126034985375
ck_f0093064aa28f4d0,0.024524597934157184
ck_2b699066665abe8a,0.02668769686575531
ck_a17128972d3e507d,0.006924444822525752
ck_8f35d229b62c8f23,0.008912958127032163
ck_ef8a6af43fedd464,0.0021681141844183956
ck_1e6628879e9d653c,0.013916643989034432
ck_0aa9db36eb16422a,0.0013181756939808446
ck_b53e88c0e927d896,0.0011272120020596646
ck_a9cd84a6dddfe584,0.012609040005565307
ck_b498fa91a0776ff6,0.011932488808240754
ck_69eda24e931fb36a,0.00056807038407228
ck_1f0bafec397da8e4,0.05342389744291755
ck_523dce06515b072d,0.024589392552071973
ck_404e2217fd87fdd2,0.003164614814079361
ck_6b954c75aad8c012,0.022389544196536874
ck_614f777c2eb5d537,0.006222298563552879
ck_7f8f864fcc90ca82,0.06820156025027274
ck_58afa1550b3b5294,0.010695929206135778
ck_ca149244b54ef3ad,0.0002933487393991474
ck_1573878386886290,0.004249829814761751
ck_7ecdee2d7127be8b,0.012756088771455565
ck_b667952253503174,0.0019388828083291671
ck_c8307fecafa90140,0.00912402687795879
ck_99a92d710a29c1d0,0.010487078537382668
ck_bb6cf7e7b707731d,0.8314632420325715
ck_fe3c1d0ac090d960,0.15724327148773057
ck_fc60f42c68c7024f,0.06882152498790865
ck_f71a4094e889c3af,0.00400814011556938
ck_22311b037456a76e,0.0010500343350486022
ck_fb90408f4892a21f,0.024341058165516544
ck_5866b413549765bf,0.0025635333036148405
ck_2ac36e1dff211d38,0.03303629607727348
ck_ba8affe4b9505a95,0.4561186667838784
ck_1b2d9cae92a1aab1,0.0791140224443299
ck_58f4c3ac61fda129,0.1180784822223806
ck_a378c58294001a36,0.9720314987390596
ck_afc484d1b6907983,0.00424725691332025
ck_030cf09525dba4ba,0.006942584093157501
ck_babb95a76c69509d,0.021916233582575995
ck_5662492a54e6688b,0.03872561333417131
ck_db4083a0d043def8,0.3010064102188254
ck_c0032232c2868328,0.00362526236729599
ck_cc91bd7152d3e9ba,0.014615374147753796
ck_c484c5bda389bf20,0.0007025650918875943
ck_a7ea00a1760ad561,0.9946285859594715
ck_cc90e219f1ebf390,0.0005205147799382869
ck_ddd65711b5651f89,0.003001453994151988
ck_f589f1e29301b5fd,0.02833475204273177
ck_8c6f059c95872126,0.0027589925794707674
ck_87f82b2b5fee757a,0.01649557152930096
ck_3abfc010091d679d,0.024996060027457138
ck_b8465b1a5666155b,0.044867689063934776
ck_f0bc3bdee6bfbb94,0.02922480876440614
ck_767e0be086b5f601,0.031341614077250564
ck_96810ad39d4cb7b0,0.024549306099861636
ck_9741a82faf5c7889,0.028192592130365703
ck_97ffae702f7c3d08,0.0008869160787010463
ck_963762210edc5694,0.028346721107712188
ck_5ff6108056a3fef5,0.009942562093420563
ck_3168f4f2778d64e1,0.008857051093798652
ck_59d086fab5998646,0.007658945357090617
ck_43292f70a03ddf2b,0.01822553425483879
ck_0b259620eac51618,0.0031806016948167813
ck_678e74532ac19700,0.00867087273587452
ck_52e1418cf1aa9871,0.011051999931121322
ck_4f875342394c110f,0.04102429905166763
ck_4f639f4ee6ce8d9e,0.11681432167135004
ck_36224a2d394ebfe4,0.08062002174242829
ck_fc4bfd6e739bddea,0.0016805731896756767
ck_88ec57a11b11f702,0.9205633109751955
ck_896096cb167254ef,0.07694880221900009
ck_c920901b9a4ba993,0.9511470450563283
ck_2ff1860da2004c84,0.0026847513134499713
ck_631ea1ae91ab333e,0.014157595209889124
ck_0b9fcff9667ec05a,0.01091769162472007
ck_d3eab7a06eb48348,0.017822797037249916
ck_4dec3df58077a257,0.16407111804969104
ck_73d3689728270a2b,0.0023146438889590686
ck_961e7dbc217cfbbc,0.0028276453892081195
ck_dd97429277a2fa00,0.07167990376301726
ck_5c37f7563fa7591d,0.014366305224326668
ck_f2ecab85d4693b4e,0.0031654077021584684
ck_a0e3a2facd508e49,0.023181252149116503
ck_02e5f9cbbbf2f078,0.03383585648774258
ck_d064428b7e7dc409,0.010412989816330107
ck_4f463ef25325ddfa,0.44540114235757156
ck_a6fe344bbf67f14b,0.009687924071822233
ck_e03b7d0fa0b28f4b,0.02186334295065712
ck_2f6b33bf46976229,0.0011846859834049274
ck_9c60ae6958d68dbd,0.21921143211955496
ck_d730ff21bfd7769d,0.006427065941754038
ck_7048bedd554c703b,0.001549594693880291
ck_9e0383e1fb6e214d,0.09959481030602377
ck_733aff0f56f5b3c9,0.015079523218703064
ck_11af112667c98394,0.010149584757019057
ck_004efa95555437e9,0.0020030208161033736
ck_7de6997178207800,0.003457033305238449
ck_68dd79a51eabf5e6,0.020363432364407963
ck_0567302c57a2417e,0.05922793204308164
ck_59de511b20c842ba,0.039521037467533465
ck_f1ef5cf7f10b16c8,0.020403751723648802
ck_6a475fe324d7d790,0.015923615108390014
ck_31199510b40602a1,0.013314988498154219
ck_2a6d43b9f883b78e,0.545862739341409
ck_788e78065526ee19,0.028077294788906876
ck_fdf89dc69f700f84,0.1597692890800993
ck_02a8582c2603e675,0.006185185854608614
ck_9c9e8a38bd5a6c88,0.03995668735769743
ck_1c2dcae19539e148,0.057401227357404806
ck_c7a9c7b2eef46a99,0.007948855036159958
ck_d9f8efa6a7800f76,0.015187112517229527
ck_03c4fa4f3ed3512e,0.004135262834648994
ck_c80a94d4660041fe,0.028682135616297753
ck_4819327a78615485,0.0035713453795241383
ck_ab3de3d3e41c2082,0.007642218279631912
ck_e86ad2fe815b6ed9,0.0034428426299860267
ck_c51131e53baa59c7,0.001974129596047646
ck_e963d8525018d072,0.01517532479610883
ck_a4a01fd45936b078,0.03479299984047022
ck_66aeb00e44486cda,0.3772286955479217
ck_838c52cc1d315ec3,0.08909752276415348
ck_d20d4ba60eec9945,0.03177941867291504
ck_1f1273a67cbad5e5,0.7519078591996303
ck_44e57a0bad5a0745,0.02410954674934948
ck_9df7e153868bca13,0.006144695997990053
ck_50d7c4dab837bf66,0.006664780838212217
ck_9cde4036d0914427,0.00805698118061687
ck_d557b9feb241b3ec,0.0008907607371048242
ck_ba4a6b9aa63964ef,0.01952522574768298
ck_5ccc0c94e5e1f849,0.023728703663485798
ck_3cfeade2cf270fee,0.01790726322946127
ck_faeb0da678bb86c0,0.0037624345515161334
ck_0f35e930d0614613,0.9495040441966575
ck_0e962eacf98a813e,0.003597680674808078
ck_c8b2e2cb349dd0ff,0.006314246648505911
ck_45f57fb8194cefc8,0.014141272588934257
ck_cf6aa24b92c4d33c,0.4976524855059024
ck_f3bc10e3decefce4,0.0016133301652334025
ck_c2466fc40fc9d5ed,0.9951288785371356
ck_5ef50fb07b6737d5,0.023181034378714147
ck_8d0cd981ed3a183a,0.00985719150501449
ck_aeed557007d52e9c,0.0004158646563599673
ck_dcef7887a4f1e435,0.04103878711842139
ck_6d6ac1f5dd882aa5,0.001646696132931104
ck_9e3fbd04e3532f32,0.12925757430089055
ck_b8e5244e650aa81b,0.04400820502144844
ck_975c2aa3d4a8c51a,0.012803006698466993
ck_4f75144c6f3b13ad,0.020226864505859924
ck_0e7899a57cd617d6,0.0013122772519458983
ck_df8ad2deb0a4ffed,0.028309218663707128
ck_cf7a022178165e56,0.004717639480330078
ck_5bc07deb82edbad7,0.0028683147811484613
ck_f2aa1b677619ab19,0.006469093059743834
ck_cb42e3be6fe87f60,0.0028478717705247712
ck_4dfa1c1e9b69fcc8,0.026810213852954953
ck_23756522b58df5d8,0.003367986629488086
ck_c76f1bf40f3b787b,0.0005111700642537905
ck_dc569c1167ccec0d,0.6720131612907235
ck_1ce20e4223a936b1,0.017222197382289337
ck_6b97d1ab90f6bdeb,0.04092693838972218
ck_1e97899875bb427b,0.003474192883518866
ck_4b00e75c2d2d0522,0.0005744841078977327
ck_e80883208e8d0453,0.011597890501894683
ck_636111f7f030496c,0.0018842887313325117
ck_a2d0417791d4132d,0.007273734951832342
ck_7a7bb9be5a7e48ad,0.02704988186610679
ck_5d2b9e6e087b8dfc,0.9978734827595721
ck_6957905a65c47879,0.026915039529347658
ck_a33d2325f86ab12d,0.01271647017275091
ck_4df036e2aa7e1056,0.012709907149794301
ck_05ab5b03d0bf9ce4,0.39251450790901476
ck_bc04f51c23290bcc,0.00502716891807017
ck_2ce8931af02a2ce3,0.005438524155667994
ck_dfba788f35d4c372,0.004731798279714309
ck_90eeca1cda79fd41,0.003424534520233594
ck_f96db2a1f3448d1f,0.010570330363310322
ck_af5842fa7202ff25,0.007380298090486403
ck_ea62ebfc1f04b49a,0.0035579031374371154
ck_75bb521de55644c7,0.0264677654470359
ck_81a960fddf79ecf1,0.943514867500859
ck_8da980cb2e1e2bfb,0.02957978584778923
ck_fa321945ebedb916,0.032400764057971744
ck_00dafc060c8de32a,0.0559546154145608
ck_f81a97d350397306,0.045245335966484
ck_255d87b7fb40caa5,0.02604991259882823
ck_d5eb179dc45394c6,0.016231399151445804
ck_628f449e248c19b7,0.04361095806736017
ck_d9506476ad3f9e08,0.010641910080794502
ck_e3f1d85fa5d49396,0.0057746032826153605
ck_6f3a28eecd2c4031,0.007496304860299122
ck_46d8c029d46867b2,0.014884459691885803
ck_daf7aea023b7a8f6,0.054652914105830584
ck_aa37993f1c17cd1e,0.03300054658765032
ck_9c3aa9f23d01fa1c,0.002156010765859026
ck_9658a6ef471053f0,0.014689200209580991
ck_260cfe9141d249f1,0.1358279060467445
ck_8f6ce158c2902877,0.0019910535879412317
ck_430a3d03be588201,0.011670378689758308
ck_b5f9dd00914b4db4,0.010007305798778834
ck_1c6820fc38135ad9,0.014104739388615714
ck_1f22f04dfc08cf27,0.005631641540079741
ck_aa0a3179f1111674,0.017077125575730153
ck_9d4b5e6b43bad4d8,0.0017695608522542302
ck_e3b3c5a80a567418,0.005723016383360621
ck_937f0da2306b2eb9,0.004732315817965068
ck_cce8b6657a538fe0,0.04277037626383669
ck_9e665618a4860306,0.0037325907835288057
ck_8cd274cc85aa35d1,0.03452755350608247
ck_b7da6640fa2f49cf,0.12958176790446552
ck_f568772b6cb3febe,0.022608571499284563
ck_e95c8cc1864bd584,0.0026445907566730043
ck_66600620149c8799,0.0039991781563241515
ck_81307759252571be,0.00183565039409922
ck_378a9df82b1e0bee,0.2372004568196464
ck_9ede89e8a43c3f53,0.06825481323241121
ck_2ae6949246ea2648,0.010122696839709216
ck_2c27b77c59d8f23b,0.024086761311871957
ck_94940d783e7988e6,0.011032929600826023
ck_2db10f987d137582,0.05521080721709462
ck_dac3852758f4ea89,0.0036201799959228597
ck_b5a3e20fd210017d,0.00827350523799078
ck_3f7c870510083a51,0.004639198542374026
ck_96a89e720176b389,0.06343402413205253
ck_1aa87cb62acc0ac6,0.006689011951871965
ck_78cc5ec4940fec3b,0.00618359110946037
ck_31742076e9a998f8,0.040442963394354985
ck_3f9e6d356d3dd3cf,0.0013382613985707364
ck_ab1b9d019921bca7,0.007709517843592836
ck_c8791f7ebd4d93c7,0.0319019292400271
ck_47a6005fabc33551,0.008459467309972605
ck_5a540b75c866166a,0.053544988367434355
ck_059e4fac6b7f704e,0.006962194108898052
ck_6c72a36b05fa0f4c,0.023658310447087667
ck_966a167758fddfd4,0.0467511757973883
ck_9ce743dd3e92549c,0.04275796311095033
ck_08a6d4903a7fbaca,0.012073865117369305
ck_8e5999c436cf037e,0.0006586674667209879
ck_acc764b49ef02826,0.3299389046673208
ck_7cc2e091806cfa5b,0.04233910649336702
ck_5ef935ac3d4d3332,0.022788432805226723
ck_a84f2cdf695a71d6,0.004827608482474646
ck_0a4d7acd2a53cbbd,0.004673259802885746
ck_c5e4a17d3efb19a4,0.16592753415571865
ck_8716cbf892c50e29,0.010008589557583686
ck_b8c7771de9b57705,0.005298755271422619
ck_0deb56f3f6452818,0.003474298297034165
ck_c1e5182bd99e0e35,0.11628411300287743
ck_f786cbc987b70930,0.0016481917179489262
ck_ab581082e8f72e3d,0.003731246980914962
ck_45e70c8a9686580c,0.025999461499487835
ck_6fce5a893613fd2c,0.0003649654324541454
ck_003148504557f720,0.11916847653376203
ck_fffa0622344a36ab,0.002111149957687804
ck_d19bf4dc0627113d,0.0018706323031788652
ck_a337eb38eefdcc88,0.11574793643129758
ck_d4b23804cebb045d,0.012997639086330084
ck_7bda5b5b927b2905,0.0575843569142843
ck_f8124911450fdf31,0.8423857326852251
ck_b4d2f02d2cd45720,0.19371994729917788
ck_0f4e2ec66d50da5f,0.005733517770775344
ck_186161ce152836f5,0.007612465769268409
ck_e4d0a9e1102a58b5,0.003051183189471052
ck_a115a7919ac5875a,0.07915435651534054
ck_c8efa1538b37c359,0.0071533819456714234
ck_4d9eb75e8eee90fd,0.048917504551263404
ck_9ea3d5a5a91fef9f,0.11726564131884244
ck_3c59df37895ead2d,0.003234027068476344
ck_ea269b35406473e8,0.00244541939998419
ck_2a5b31594206eb30,0.5213312881305745
ck_1fcc5843f39148a9,0.002877645473168075
ck_7951bd4eb99a0175,0.0013158092681701554
ck_abcbde211b6267f8,0.027765713974210706
ck_7b922518f667f76a,0.0013506077648713338
ck_0bfc394c5faa65cb,0.023932400916326067
ck_0bd77fea8ed75a15,0.01751010863970885
ck_7c77e597c951cdad,0.04253390072329348
ck_e72db9d4b2fc9997,0.9850640916135556
ck_ab01db9117acfe3d,0.00572170223834582
ck_471e4018a23b4e56,0.0031670935152489825
ck_4b31a8862a857e6e,0.7970574734958658
ck_87cf36a03bd63c24,0.05835274424303383
ck_adc576690df5b33b,0.006957012671426103
ck_02dbabda93c8c13d,0.019895996924561638
ck_64f5eb4be9e7b8fa,0.11904947295689963
ck_43c1248db37a2eb0,0.0028459639955200865
ck_b08afc91d9ca55db,0.015600306757498694
ck_237508ca4fb37268,0.026267285100020382
ck_982b0bf2e2b6c4f7,0.0030387951778512432
ck_71c3a8e4c12c989f,0.008681554116682264
ck_41938582f4351772,0.01899592854033731
ck_642344e5c652d8df,0.028964799009457608
ck_cee56be5a502fbd1,0.08076266510412074
ck_0f38d4aed68d7d24,0.016641583731709906
ck_3ed4d13f12fd9d0e,0.09570337571415509
ck_1a9e51d092d62c84,0.2239781963103175
ck_22128a4f0d033422,0.019301869951385817
ck_c189b551bd111332,0.0023559904003014926
ck_5d7801201749ffde,0.018365379451059285
ck_982c2392238b7be3,0.23881446518563465
ck_bb4c6b713eb0b978,0.023406804963744556
ck_2605fd571219e28d,0.0009350075841335851
ck_bd30853e9a57b544,0.016552777619261327
ck_a5276af466b681de,0.002262148524919887
ck_32e486859130458f,0.9119602929629329
ck_9e35b908fca1e4d7,0.0027027584228327493
ck_c285a51ed6214f52,0.004241117236270148
ck_67674348e68d1f25,0.01075842134946389
ck_7878679065876b98,0.042569448198467974
ck_bd32dd3b2cbb7888,0.9944833598742046
ck_16dbafc035574654,0.002575270056665497
ck_c1c2cb49c3c1b0f5,0.19286391715588366
ck_8f59f11b512d5b7c,0.052676000183588784
ck_c1b493527224a27a,0.008306969188239382
ck_e89d25ed7bdeeaea,0.014680866594652675
ck_9a84b396aada3fa8,0.04688437914339394
ck_d2fbd0df99634676,0.004456292720000815
ck_67a1aa88d2ea554a,0.022813938753131757
ck_ab2e3fc56f5b3aae,0.15557744984891184
ck_77c587d24695ea15,0.016502180704500175
ck_f0d806624ef3d359,0.00773018475912154
ck_160e9ba0a3f7c1fd,0.0033770128615045387
ck_8c0210322733c718,0.009369365418921527
ck_ef261fc09be8eb0b,0.001561220399651633
ck_a2624e0387974e0e,0.022636445208585283
ck_6ecf56236789fc09,0.9618122441163154
ck_3af1eb88728ed8c7,0.008803441530979993
ck_5d8773badd0d4740,0.01247563543865414
ck_e794741742fb2619,0.017857772647819407
ck_2f8120ca80a1592c,0.022856383867945612
ck_ccb4dd9d0a48a76e,0.0036402465792497608
ck_bfa7ba218b988cde,0.020851748415799978
ck_64b4dcbf436f0b75,0.011738958141489748
ck_41ba315d8fccb559,0.005614412233524144
ck_d23f9a50d1135ce1,0.06081008225846916
ck_4af5ec61ddbde1a4,0.0272698636158709
ck_560bc6017870ab06,0.004085448695727573
ck_dbdf8d0708cc6718,0.00943100459984984
ck_e00332597cf1eb24,0.03676326319040746
ck_df6fe4ec5a233213,0.00720082007195455
ck_94d5ce61a0c50465,0.011315530682350899
ck_e6fecb82fc2a82de,0.0019048593014306307
ck_c4f4f28457be8a74,0.0017512296353680843
ck_c7e129058beb3ac1,0.027539395665433966
ck_4ec040b9e3785e4a,0.0012770225023376576
ck_e21f9f96f597695b,0.009311893743631321
ck_ada6ede84c111719,0.03228999574277827
ck_549ed417f2834cee,0.10453327768792939
ck_5068ee554ceff971,0.03450060304551912
ck_d7d50fb57fcb2d0e,0.0016213989243771376
ck_e0e9cfabb979f428,0.008808427891766476
ck_34bd190d37eda534,0.059082624284783176
ck_99021fe7225b5a68,0.09443215846518994
ck_55933936536a4071,0.006962344706119844
ck_517620ca16505af0,0.0017434341940175547
ck_ce927322ef8f651c,0.022254379190277725
ck_b294aa27a0b586d7,0.002288784313072354
ck_c9f9fddef39bc664,0.019921428859896423
ck_13757bf0eeb353e2,0.003550921355079403
ck_d116e0e7c19b878e,0.6599515370814647
ck_a3747201f377626d,0.9134225378563204
ck_a315c9619a317609,0.02082699852245108
ck_9958b58da9e3c21c,0.009872842569217562
ck_89184bf7b7fe41cd,0.18001774530259446
ck_16b66bd803288bc3,0.34375197826331794
ck_7b382e533e2e925a,0.03238695682699614
ck_9a56739d81f84a53,0.0041264743313576754
ck_4f0c5857da45fb28,0.21077648410656785
ck_3b49768b448b071e,0.08160339743672665
ck_54bb53b8f8ea32ae,0.9942472645730429
ck_4c7c50684827a2cf,0.004575709139138878
ck_538dad7f096458ad,0.004979085944220113
ck_2884bab237af16b7,0.006168341694614284
ck_8a6ea4a79b1c7a8e,0.00928413521871337
ck_57c14e32fa4683bf,0.008132671244336677
ck_c5b0f0d4f1655a20,0.022908218622356202
ck_aba573aa942b1d41,0.008732274458541663
ck_15239ef0689c1a35,0.008102601021403302
ck_aa153a89a52f7eb5,0.015220016446799333
ck_fce0610c527e2b56,0.0218245904365276
ck_863db2e394dc47d1,0.9973544670342278
ck_66dd4f4b4127256d,0.0007169578784149414
ck_79205e31223df2ad,0.010867897120060022
ck_31d5e3daced93d3c,0.006785093468637149
ck_1fca72e03143a645,0.968177935670463
ck_a627734880aca848,0.00048212675631969815
ck_8449a28f7d475d93,0.025836350187026406
ck_27eb86a9898cdfe3,0.004897793415689022
ck_50087d8666191144,0.19328707389147717
ck_d28806a2179092eb,0.9961173043907683
ck_bcc8519fe8521038,0.04591860496248596
ck_53036d3c6c74446c,0.14182500944457
ck_7d81b59d615a6649,0.04871727414962599
ck_5e5280539257c986,0.002314085532592904
ck_1838cf8d00f5b1e1,0.006624091881079927
ck_50460e0189de6274,0.9494094974078463
ck_325caeab5c7a9c3a,0.0044982012713973285
ck_7ce4ca91b8f9f1c1,0.022004773560621187
ck_f87d66946252476c,0.13888505072425147
ck_6d0d081bfa8a0022,0.04152455939070021
ck_ffc8e3c1377d0706,0.004470314946059772
ck_38d1a22850178f33,0.003158212434372652
ck_5c58e7f8fd55e26c,0.0028857222007048077
ck_1375ad9f10688e4a,0.0034051552040638166
ck_7ce768407fd48321,0.030690771782631313
ck_31b16b8848584e98,0.03256285732418261
ck_fd44e34af620e606,0.020377273763390984
ck_9441d48a12e8a4bf,0.10638347399082496
ck_f69e93388b3028cb,0.19461514550703823
ck_687b412e2aac7eb6,0.01190848610078177
ck_f473a03fbcdbc4b0,0.024040208388017355
ck_28588fb03b320520,0.028629858926777246
ck_9f9555197480d1cd,0.01261632711793191
ck_2ddfc948b8eac752,0.4220633673688908
ck_d56fc799542299b8,0.002787628265923751
ck_edde1d7d1db24725,0.02317801737049504
ck_81793387b38047cc,0.005919397329667163
ck_13648cbd306eee6d,0.008070257973340529
ck_a5d7311291caaa54,0.004761529626057115
ck_bd26d2bef14a8597,0.0034293508557408153
ck_8129e81cde280131,0.009138774429217011
ck_431118050b834dcb,0.0006372146341585267
ck_580dcec33ec232b8,0.004884920015025074
ck_ecf006bbc78ee3eb,0.1185518984108456
ck_acf7d65eaaa4c31c,0.002860099281401475
ck_8ce9c5807acbef48,0.004556055096880938
ck_c3d7d3d12a1981a3,0.0035632545307710353
ck_9075432001a64e75,0.009473079376565842
ck_f99738dff854e25f,0.0017251211617644142
ck_a1a93c5f375f6021,0.0036933836929139707
ck_a35d81bcc54ece2f,0.009381408153431593
ck_f3996a3c8eea1ea0,0.007485470923375347
ck_b75b936aafac56b9,0.005181122637085252
ck_25c355da356c730d,0.0032571596267700013
ck_5615c6bbdef05291,0.1829103150791289
ck_4db95c310e105d30,0.0014038761173522404
ck_b76510998b9a2260,0.015281237964373019
ck_90bc176c43d85fd5,0.1636327827022509
ck_4b387765f0e916cd,0.0034292193064683124
ck_f11b1565f986f5e3,0.00953674377456484
ck_e5018f9418e0102e,0.033628480729288986
ck_a08f8dfadbdca112,0.0032847777975099648
ck_cdb8061d8d1a6c5f,0.004084381350091301
ck_6e8ebaea8f7bffaf,0.0005705088219313697
ck_66746d1090d6d9e9,0.0019612112805855587
ck_9cf5e88e97c8c7ea,0.036668549094803174
ck_fae7e518a585fa61,0.0362651361126045
ck_8fc641b1750a2542,0.03324454685228489
ck_c9eeab826781dc91,0.024710687618246557
ck_95ffa1a805a1c9d1,0.0017757841343735876
ck_e839d104854945f0,0.001977868528547013
ck_f04040a830f92bac,0.006646351174636048
ck_e8b5bfa6838e28d1,0.013719196293274272
ck_72e7b1acc19df820,0.009820131729509742
ck_fe43da07608b1749,0.01856534799484111
ck_7e29c10d781c3b41,0.009228183185390097
ck_f56073911c9f1ab7,0.004024157247312714
ck_68be4fefc85a6b64,0.20687635088070563
ck_f07b09879d697b82,0.004849368911462673
ck_b9c6b32f6bd92a3c,0.00315168412159471
ck_c8ad86806b9a2369,0.0632577447074263
ck_722ac47c8ac9b6c3,0.2696377042961174
ck_d812eb6930192793,0.0009879716420784074
ck_1774faf414a5d49d,0.9405067601106708
ck_7b93a622e40d8b14,0.028336356019760194
ck_39638880292782a7,0.010350343370080362
ck_11132d245b94d045,0.007238067554705078
ck_f736cffbdb82db34,0.0006367645537686953
ck_0e477084434da450,0.016830447820069424
ck_ea819e337233475c,0.4707456862180092
ck_c6b6ebe145a8ffab,0.0072702201611496865
ck_0af3c13ba56ce57c,0.0034718111205823076
ck_cee8d42475a0f020,0.0011939838026257899
ck_748b3ea941d8b3b9,0.010559345446572678
ck_96c3a3517153390e,0.012057908114684084
ck_de8af660806b97b5,0.0027982153001476677
ck_2951d76c41de2569,0.043143514439526964
ck_35fe969c58b9e70b,0.11358961759505666
ck_59684167f9c6bf4c,0.03034637345585715
ck_1645e6cc53fa99ff,0.016696076887880253
ck_fa04ac31e596e7d6,0.04594770979439845
ck_ace21f6daef94f6e,0.008156388983764693
ck_1cef30d08f3a598d,0.0016243978629927026
ck_cb61902798ecc4fd,0.055705933085474245
ck_9ee044b73943a90b,0.011043814213394964
ck_f538ab6aecf2adfd,0.0013264361504260564
ck_c2608f78f6851d10,0.22748614788902066
ck_cf49b6544aff6c50,0.5463764329668296
ck_f45bad1606fa00a7,0.00703684250948045
ck_863708a99b92ef0d,0.026523507506418357
ck_7fc9a0776e1339e3,0.003144057411726076
ck_320df984791a1b99,0.0012257899088147757
ck_6fb2d142c09ed3ed,0.024348100487525955
ck_3e47f8c56c811700,0.01388606891381978
ck_0add2c321d579d75,0.020253337744088648
ck_e4c0fc52c82065d3,0.007262195341673113
ck_ca68dec0c7df5a12,0.01110818132758253
ck_ae3a763997f8f385,0.03557952484125185
ck_a38bd07a5fac5c9a,0.003627044647978642
ck_a73045e96af0e4fe,0.01496905326909898
ck_f29dbbfdd2786bd1,0.019228485689788473
ck_a7331e8b808c39aa,0.0457394749998966
ck_16340be3f2a7fffd,0.002044813521705596
ck_b129261da9c3c3c9,0.002679803920082689
ck_07840bba5570785b,0.036707452520903246
ck_abb056a9deab275a,0.018005228365849217
ck_126531a9126c17c4,0.0023477414241839917
ck_333a43ec339a04cb,0.07049867801964645
ck_34a6bd3be642f15c,0.013678526982434254
ck_9c46711b14d9eebc,0.006474747980234942
ck_3acccc69f8b1fd14,0.01606227861649338
ck_74665e1209140ae8,0.013405896529946061
ck_670dc4910cf476c2,0.0011315152529080609
ck_7e2d6b22a0ae20c2,0.03884996527195218
ck_723323f6870fab59,0.061710030055790656
ck_c8affb27ba7fb5db,0.030654951727346235
ck_e5f8c8a5824db594,0.0035142789317082787
ck_7e5f02b51b9f78bf,0.09309884298083446
ck_b7e25ddd41514d4c,0.0017370503622221557
ck_0e0919292ad33472,0.42053877200421763
ck_e35a4b4a3cb4cedf,0.011429927553684696
ck_65be698386474170,0.003674524674163348
ck_0cf220816e320ac5,0.003952720857604114
ck_0308e0602b856445,0.003702296471425949
ck_5e1b81848718bdc3,0.016412709445874325
ck_2085433978e72ea9,0.06073328820649276
ck_b5e4c6dbbed1b773,0.028239837532524424
ck_eb9f0c06ee017ee5,0.006651485558996836
ck_30dac0a58c5590cb,0.04727505540037968
ck_05e01ab9c95449da,0.01438677142004723
ck_f409ff994a210601,0.05972624259000374
ck_05652e8ace6ce6cb,0.002986786208360599
ck_f4ec4a935e51b4db,0.026842348868731464
ck_df5aedb4118020bf,0.922261969993597
ck_1dcaa3078dbb7571,0.0004594649920790385
ck_47e1032f490bb018,0.0047965099557446015
ck_5ea89567dfe78e4b,0.01794799104022966
ck_1225a97fc413a419,0.028898787064965098
ck_2296d7a563424883,0.005505623572530387
ck_57c07c45269ca8c0,0.005865675064982019
ck_7df3f8f4f1068d62,0.004007752027917216
ck_558ebde8c29132a4,0.012489401594749667
ck_2d923d957ffd4d53,0.015570924698446112
ck_6ddb55b1f23c6cb1,0.01668810458218185
ck_93470896f0804b6b,0.8642668075504204
ck_556c62e92d4e7e5b,0.03818552195106771
ck_a059d00cee5cee99,0.0038055814257211187
ck_0174d76398d9dc0f,0.03872404856799218
ck_49e253ea12f4e922,0.03716432701550574
ck_f7276091bf513d22,0.0008702933340916274
ck_d321249fb065d2fa,0.08023095278526832
ck_e0403d507519b7d2,0.002933324572762134
ck_0f3de7f074bb33af,0.007379700715463842
ck_bec8324a3587ef04,0.00357437337247877
ck_a3c25d6cc7478068,0.00467791614996398
ck_2ab7eddee2d8c49e,0.002671753028915598
ck_e475a3b8ba870a7e,0.008660255215036638
ck_9b2b0e286de78a1b,0.012042001370120337
ck_5cf67a3a747e684d,0.41550919080060045
ck_9401f9e11f65337d,0.008282447322265117
ck_a0e5656e1cf9cbf5,0.0015760453085582084
ck_398a1ed77b0130e5,0.005908740524915604
ck_4f5d022c99f118b7,0.03567418068046563
ck_630530e50764f229,0.03421696166150327
ck_5cacad76e02c8e3d,0.948379757203681
ck_2cee2dd7bbfc09a0,0.917911370105987
ck_9478dfe4114c30f6,0.0016983397056746384
ck_2a09c7aa870edb6b,0.005574324678844926
ck_d5d225ce41a1a762,0.015127248677423096
ck_76091f357974a152,0.004281210814594562
ck_26cfd7c3c6c7bf69,0.007872555923678378
ck_8e54386f4fe22cad,0.009175368022378335
ck_22b52654776a1ea8,0.7130481632953201
ck_822d6e8e43befc72,0.3344330972516545
ck_15eed0f5652f0352,0.007609934328292647
ck_6bc351a3d57aac54,0.010219702883212016
ck_bc736114a31088a7,0.02101455912383209
ck_002cf760d173f0f8,0.022397555699359004
ck_8f8e4fb9c6190272,0.0038331351652949523
ck_a39d0bca345b492d,0.007274222648381411
ck_216e87a41de22b5d,0.05720464952886683
ck_75296704f5806f56,0.01633488568126321
ck_2bdd8616870e5e1c,0.0008036791855616014
ck_798157bcdb9453e1,0.00235823801955024
ck_9a1e3ec9a1839939,0.008793989428358476
ck_a9d994554fc14a02,0.00033472395027020496
ck_410c3e13b48e0415,0.0025222931964329356
ck_d4febf0083800424,0.011024210484413956
ck_9527adac182abe57,0.2696476212541968
ck_4087065be2a45ad7,0.12529058195578077
ck_c0e8560ccfd9dd9d,0.0022286141145527257
ck_8d87658a6f5d204c,0.6716558366744976
ck_d973444855403e2a,0.010083643972244519
ck_64eefec062592c43,0.009911907428001942
ck_5b86fd14e85bc9c7,0.6432505412331769
ck_ba175b1bd8efaabf,0.003227857804997113
ck_7696e38b3e4197b0,0.00483521067687524
ck_51bbbf8f8e8ad005,0.9974447874909788
ck_df935d8bdd44883e,0.009083882676538793
ck_a0714f98001efa0c,0.015196828578605584
ck_8c9b57ad2a991416,0.007683248935375585
ck_c8c1bf16d9113493,0.042383367177626065
ck_b89cb90a420c9075,0.00946491036879221
ck_f0424b3b36bdbef0,0.08767117681701983
ck_8e89ca8b39f3f8ad,0.003599365039940853
ck_9c5feef7647b0588,0.0023953415540764757
ck_374865697f1480eb,0.0502119935601085
ck_0229a07185f15469,0.0067487374129892265
ck_4291fd9c1161d8e1,0.018324956839000733
ck_61a59a7944d6c53e,0.2089922518394527
ck_f21efd504faa654c,0.004830885343234119
ck_64c1633297f43788,0.02473675098679472
ck_991c4c924a1d85ff,0.5192749641557659
ck_2dd39723c4088b64,0.0377261939648365
ck_65f76421be648549,0.003525123121392759
ck_1b93381d8eea58d1,0.014682306759770485
ck_8572c5f5c1447c62,0.015886147629001507
ck_80b8fca67a14e0be,0.3612542707961768
ck_45ed5ee496ef8a67,0.008836361977129887
ck_36979996f33498f7,0.3268583450169167
ck_219bef979ee21bdf,0.0016482638052382021
ck_7a6cb27e390b6ceb,0.012672366744749163
ck_d07485ba10514a2d,0.28553324148393927
ck_81e21354e477eceb,0.02995782647659752
ck_df39e3b8a9fd0bfd,0.6837742897417636
ck_49839e761d0e74e9,0.003705878582081179
ck_9d7b9e3ff1f3e71e,0.005923183193610863
ck_f63cb5e8cc702bad,0.009673688851333628
ck_cb856e75c949b0cc,0.001346679771534608
ck_0fd9312411b0ac55,0.032645139398971255
ck_9affb0f26776b642,0.0017097941510317905
ck_c417d06f3e94685d,0.006209936682716413
ck_6c2453229d608183,0.007537190763389359
ck_1867b1199c864db5,0.028091180522876246
ck_8398adeaf41f9cae,0.011546721183253658
ck_796d3eaabc667c23,0.9918159202879917
ck_b4d55bc809000276,0.02452689298506273
ck_839bf139296b5cea,0.008931051438407604
ck_e57b94fe57341058,0.032400789812326115
ck_8ca808cc5a49cb5c,0.02603448583906145
ck_f4ec334be5266378,0.0051059482821257
ck_61c3e3e277629646,0.00805255821325701
ck_483fb981a1fb4317,0.004421048940056205
ck_71f382d5e338daa3,0.008521784978238658
ck_124a197be41687f5,0.06073911561424965
ck_4e4f99102f6938cf,0.009832009710905688
ck_3add4d23124c9290,0.004595803474555588
ck_5c3f13de0dbd5086,0.01833549106230551
ck_921ff5ceaf40a968,0.021978438385567494
ck_fb0c138c003e933a,0.0011535930233593295
ck_5177fc7137ff26ce,0.001484014875059133
ck_dfd4e79aaa967b63,0.0071777345057812735
ck_850ec97a5a0dab9a,0.017978440277378754
ck_d1a1cf4cf61d6801,0.036940342079583514
ck_646b15f753e5e9c6,0.0451687184483705
ck_60f4fb44f5efe3a0,0.002592081537562914
ck_b53084ffede19a8e,0.003313211621211167
ck_5b16d67c5ea89930,0.02341248755435727
ck_a4ddac49657a4450,0.012946599632890523
ck_f917c82af80e4a79,0.04701446406759374
ck_b87ef4b98cfcec4c,0.018549110810282234
ck_877c85bad118bc62,0.039464691671406656
ck_42317c3eabd0a285,0.16863455935765767
ck_a5bdd026fa9c50fd,0.003080551016854564
ck_7c88d3d377bb61bb,0.013441484704271471
ck_9acd98f4fe2d474e,0.10769029071899967
ck_6d64193681d2a94f,0.027086032965873506
ck_991b7dfd69098320,0.0035249749124091783
ck_c5ece5ffb8800ad4,0.006589046205568909
ck_ffe91d6f0bd93fc6,0.05530187806052913
ck_14f9535e53f9c7a6,0.014804763245355342
ck_e35b2ed08b9e55a7,0.005081789317442698
ck_3ad6e7bf452c9b21,0.0070488502238286975
ck_ad8cbe6e27e47ede,0.01383041839746302
ck_29fbabf855cabdff,0.0021033883674667605
ck_700cb620f300dd47,0.014612998809895802
ck_b1cbd6679c0f8d95,0.006201512033583536
ck_708fea345f68037e,0.0015608813831384338
ck_b08247c3ad567d92,0.3608166565761727
ck_25fea39897f2a559,0.006672740724365933
ck_9eb80edfa43203de,0.005459231747503347
ck_6cbb011e0c70bc7c,0.0038789668842223106
ck_309a432c160a17b3,0.003527763145606375
ck_e949a0f4df0b3902,0.07370708711751456
ck_4b123d6931b6d0d7,0.05120872113399114
ck_13677a1957078827,0.003053416451123835
ck_243bd5ca8c4ae5d0,0.00634021710887154
ck_360237c1bd30f4bd,0.002505327842016329
ck_b17c239f160e6017,0.009413546132336198
ck_c91a628236baf91b,0.08332755401358731
ck_182dc4a2f5a366da,0.001954589606657079
ck_9fba80f56f357fe1,0.008474174002412124
ck_c1c5ea839c58958a,0.038628149030882214
ck_6a0684436a1e66c3,0.7462380337557347
ck_63d2978706e193d2,0.06897243691370591
ck_8703543bf3134306,0.019825861516547107
ck_d79bdf04d6f31cd5,0.004552764731707346
ck_b0d33b5a3716661d,0.009610176895548321
ck_bce253d2396681a1,0.013000026172521646
ck_9be551300209fa83,0.010092967332526329
ck_ec3d12848ced99f2,0.008525162131716084
ck_ad305286702b1958,0.001292449478377988
ck_96c7d52ba0a766ef,0.03180687148980203
ck_e1d5ad20c737c745,0.03036393434551547
ck_7429b3f87528e335,0.004173638093596257
ck_cf606fd6ebfdf9bc,0.002667478262892388
ck_878522cb775b904c,0.07970836924012747
ck_218b7e6e6dbd2da0,0.001601915534891751
ck_1dc23dc870f1773d,0.0068377899210953315
ck_fac046ce336fe39d,0.003708133964073983
ck_0d846660c7957a88,0.003190098425663719
ck_6821459b626d492c,0.002505459425521146
ck_dc4db8b932df49de,0.1411169808078843
ck_c49832eabdac5bb7,0.002509449645730499
ck_c3e37a4d3382c32e,0.0015103302759843788
ck_68b8b859a6ef505b,0.024900727712622778
ck_8d501a0386c66be8,0.11521001110618102
ck_86b853c52f20fef5,0.005965455606713621
ck_15886fe84866de92,0.05184901195141491
ck_92de019e05971ce3,0.017810941417429352
ck_af7ffd1a822460d3,0.14173240915373844
ck_917d82c552f95a23,0.015685392858729594
ck_74e5dec189761d14,0.0020394347612443446
ck_54b374ade34e1dc1,0.00401187944326696
ck_beb97e498e6cf8e8,0.03528007133654764
ck_a96aaef34173aee6,0.04827576411609969
ck_79ffcfee599d77c7,0.010318531959535067
ck_322ffda3332d08a2,0.07579158890338776
ck_3b1d7648d4580bef,0.0073818226966809114
ck_6e4b99fb9725d9fa,0.014019638387259649
ck_893b8afbe11301e1,0.005503274421651528
ck_56b992c6f136fa5e,0.01143517351065541
ck_c624b9063400fa3a,0.03116860960424023
ck_bed3e3db135b782e,0.009515911312338695
ck_5d038ecb3c8748a3,0.0052682431763686624
ck_77fced07f6dff42b,0.009604590532796548
ck_05d81b1a150f31c5,0.0030912132408766587
ck_285719c77eadf915,0.0009249086898174287
ck_664b5e02759f985a,0.0031184294926313865
ck_eb48c0bcd12ea654,0.02915027310698009
ck_1bcff399166d7c43,0.00394306288278179
ck_e9e3381d5e0e5051,0.0034363086168624516
ck_f5f87f772388efa0,0.022946421382344453
ck_80b072b7f3c7e8e5,0.0129185683270077
ck_386680372fb54857,0.00723385948597822
ck_d98934f9fe0b02b3,0.004339205748193037
ck_283c5bea94b21e80,0.006376724210435423
ck_8dbaaa00ad829ca9,0.060292426249243934
ck_9782c86ba6485f88,0.0020311444558843237
ck_83a69c4a5d55ef19,0.05197686050814708
ck_4fa85cebf707de2c,0.003261781399562227
ck_ce1500a7f0d03fba,0.0062200755939120795
ck_73d60b4630e3937a,0.00917062104563483
ck_279d43303708109b,0.011057791818069306
ck_64ff60c073fdb6db,0.01939047293095169
ck_d5c14e877ca7b755,0.008223195692151752
ck_7e5401c362b2216a,0.0036464163655144256
ck_064b2aa3f0bfdb6e,0.017312103051550183
ck_70066eea13b4c34f,0.007625607286911805
ck_f0d349d68249d5db,0.0009831756980793872
ck_86bfe328e0a533b9,0.741540102327196
ck_18f67c00ba21fbde,0.01342254479402141
ck_72fdfc7e6d8e1436,0.0022036670085182047
ck_75257ca7d7da2861,0.03313176093755383
ck_a0c3059a959ba5d1,0.014793966056809998
ck_52f641c9ee6fda70,0.003166310722991929
ck_7c6b577174af7a78,0.014675771313827902
ck_52174855b243a8b0,0.03907659073716186
ck_c12805fa5d970a83,0.0445964106049311
ck_0406931800e0e2e6,0.0037719264625180834
ck_4b97d19ed946f503,0.010921675391630855
ck_87dc484baaf5a23a,0.0008948441881049205
ck_539cb0d117db8cd3,0.13460681233536514
ck_09f8f51bfd2492c6,0.01134406385988505
ck_05c4dcbb45de1f8d,0.0038454478822926193
ck_37139b41c5370523,0.04314558910076214
ck_ec094eb1cbb3efc5,0.002433825259301602
ck_db32c95ce2b6f502,0.542836462538535
ck_7a02ee1bfba7353b,0.011274814914992255
ck_571dee4f3336c7ce,0.008643333252016687
ck_c3c69aefe7ea1d2f,0.007751197643656562
ck_de05f97c3d40dd1b,0.07385256989334955
ck_823539d936c55fc6,0.0007142717196752438
ck_97e94708bcf43563,0.00964483184187499
ck_71c68dfd011dbbbe,0.7966517920927365
ck_f5791fd8fd8fd191,0.01144309378258923
ck_ec986285fff05b7d,0.002232210187140038
ck_da3526ab6c5c884a,0.006408908112654375
ck_f9197b070416f443,0.0031160511280236888
ck_4fc6256e0e60a926,0.011939807709222157
ck_9c0deab8a8367c5e,0.00232739883559865
ck_f34fb7ccf82f41e5,0.007208557482978187
ck_777669e2243204f2,0.8097039630391364
ck_d3a2a4c011fa2554,0.003008068456011992
ck_ac84b33304362c06,0.013255731681069343
ck_16af4be191c47d3d,0.0004954364296487056
ck_0446920a1004c596,0.0008717227530612569
ck_0c6a50d747593b7b,0.01572507450578808
ck_193d9c87ad3f1dad,0.0009223900045650506
ck_5b8315726f6204e0,0.009976150886363704
ck_f7e53af3c91fec64,0.010510409061074586
ck_e679fbf4f4f4aa07,0.007446491143039245
ck_59a14d2564193101,0.0044886224600824455
ck_0e9ec486bff403c5,0.005725609209916966
ck_f6b7a10d47dd9a1f,0.007754245745996265
ck_4b4d99e443618904,0.006741117758882348
ck_4f05daf1cf0d5755,0.002573293349784546
ck_64ac5e6fed86ab60,0.9515428343533642
ck_01ac687ce0d696a7,0.047629901414913765
ck_5f9a7ff990341bdd,0.0019294270572239702
ck_010d0c2e6c1657fd,0.053183970116954915
ck_4b2e87d86a5e415c,0.02810966648413134
ck_66f9f78d4c6a3edb,0.04431353044083629
ck_0b1d84252c0b46c2,0.007306442383342858
ck_68b5542459638b56,0.038480697488885385
ck_62967b91504149f9,0.005922166565199637
ck_f99bc1732ce5e999,0.03510160228431117
ck_c2017120b3b88a46,0.010890808002688358
ck_f7ff94c3df5ac874,0.007250912900132849
ck_25382331551d22a5,0.04750995217723742
ck_703b41624ae6a5b6,0.0045836872162765595
ck_e2c66c72cc0b0f78,0.22306829348860882
ck_28ac4c5134cb8e77,0.02758553629420152
ck_168c96a1a636ea15,0.01163435339615065
ck_39a81899dded61e4,0.003656584668829666
ck_94a096c36162a153,0.008088565652715528
ck_ee535461b5f05539,0.20735470285574045
ck_59c29d9c57b4f994,0.006427774200552032
ck_8982888dd6611143,0.0017519823781843168
ck_60896cdac2212bea,0.06192722300090971
ck_aa188e5c25f7f42a,0.008856381892523177
ck_1f56fe99f250cdf4,0.04737983516974254
ck_d0dc156441fcfdcb,0.017820100590067445
ck_395f3bd4aacd7ca6,0.021107523864022093
ck_5576b725de38d106,0.004727111654401647
ck_e2d1f212f259539b,0.013576201651566241
ck_3c3a1a1365741bba,0.003126215869695727
ck_4f325dd15c9bd45c,0.0366952722751351
ck_66f0945add423e9e,0.003953712860446295
ck_a74f6a3030f5d495,0.021323832611276423
ck_d9ea77f4114a389c,0.003967570036751793
ck_bf15a1f8d67a30d3,0.014689828421496885
ck_bb643194d1cbc47c,0.9863495414167621
ck_80e5ea27848069fe,0.006883244051523042
ck_635646a661f05b4a,0.013373702180372498
ck_bd80546b4807dd59,0.07773440094078378
ck_63743141ffa11f45,0.012049362524842792
ck_0b8b7c5c581fd161,0.0010691872477428814
ck_79d62ef181bd0cd8,0.004100853102081392
ck_562c76a3753fc7da,0.6328163030359449
ck_d66bb1f063357f99,0.00961154085443107
ck_89d7bfc81c3df597,0.017529351297091093
ck_fb0cf32c4a56f740,0.004969519067664089
ck_6c679602a6476ab2,0.008352972232717077
ck_71b37fe47490b4ba,0.005233216755889423
ck_494ec63c5ce8e150,0.012450369416990141
ck_92e474e4368c4791,0.008693722243166755
ck_2d3d6c9364362017,0.0007652587718479653
ck_354379de065a8ff8,0.0033049789592773824
ck_f7bde7265053364d,0.009168089983662758
ck_820219bb9c761b52,0.07967930605515093
ck_a5ce2ae36fb410d9,0.0013191181685291704
ck_ac55dc6cbcdf8228,0.010580690917870856
ck_f34c93a8173555b1,0.0429468769572362
ck_fb3b68b4424b5f92,0.028612889103728268
ck_d3f44bbe2f7e9b2d,0.027677436361333702
ck_dd9c5f0c42878e67,0.0028101916041445947
ck_41bc3efa0fca700e,0.03785053540229919
ck_4d1baef193cfb900,0.030216302845485828
ck_aecdc5a96321a2d8,0.009375381967120256
ck_e7c8a9e4641eb9ed,0.0010315299979207794
ck_f2350bf355dc919e,0.027118130005786074
ck_bc61c59970f8de49,0.025480227143850252
ck_389607982eb6b701,0.8875914186801157
ck_ace6b72e5bf3e93b,0.0628183694570683
ck_2afdd69094c955c5,0.03157213569459372
ck_fc9f16df35190eb4,0.18912837357307488
ck_c43b4175fc9ac5bd,0.5958268264296369
ck_1a4e5ace078dd782,0.02606142395077801
ck_232325ef6bce92f1,0.014617772628258936
ck_51c50c4c443df31a,0.5966676138280372
ck_126a82e8d42e5ce6,0.0020674419917135643
ck_caa348f0e65db062,0.9926758975157101
ck_a6f61864fac3c8fb,0.00930561502610761
ck_694eb6c43193afd4,0.01394386895361256
ck_d7792b429620fc24,0.007420200569887591
ck_2208392a9f6bd249,0.02105737529968434
ck_8ff7a9b23a55fd62,0.006160953699318556
ck_8c5b29f6666d4874,0.035654037939417675
ck_fcf5b8216d0c18ef,0.0028887388980126496
ck_393287947b5c8d79,0.013542853558317379
ck_3e6833574edf1736,0.04273587262646559
ck_8b772caed8f1541c,0.011830750943466502
ck_e914974cee1bccb1,0.01647158648592125
ck_4f1e962ff8a29732,0.003000276894446806
ck_f6923088c17a04e2,0.04918190380850969
ck_10f90d879209734f,0.004684449839605208
ck_3d6c3c00d854f5a4,0.08607170076327864
ck_6e8f8ef7a03cc6bf,0.05034893110942556
ck_833688de8629c5c0,0.0012964891471553093
ck_20578ac693ea4e93,0.03058477851842157
ck_43aa136bdb0a2832,0.4462026909003647
ck_09cd5c4df1e81ac2,0.03031692792366716
ck_8f4b384955bf57c9,0.005794208541094424
ck_94b90ab8b2dfb50f,0.019017470720330342
ck_ea618f720ff0b4b0,0.00183375411891981
ck_6c83aa1d100a7cd8,0.02183871390031607
ck_e7be077aa0b2632c,0.004023296730515673
ck_e10ff5c38bd18470,0.02620613462104705
ck_0593ae243a9ebee9,0.0089799917050247
ck_b20b81b88dabe28d,0.0024957679547975477
ck_2bb6a17e8eee35cc,0.01830343676612433
ck_8def763034187436,0.02272928896524115
ck_c1aebbeca6ab5ff9,0.009200362725235016
ck_ef307a6aee38d1fe,0.8417312182975211
ck_49dddb894d33f6db,0.047095845681306925
ck_0daec63bd5b0729d,0.025065941373843863
ck_c49b685d2b3ab89a,0.0037450711613849844
ck_732d45bd578dc39d,0.00438420623589615
ck_74c3c3452e4e7cce,0.0027739895869342613
ck_5986119e7d81e831,0.02165118862763794
ck_98d2f9a6ba3a3077,0.8203485158877779
ck_586001d3ed9e7fbc,0.002128576570007341
ck_03be334935e999a2,0.014162499966543233
ck_9a43c0c73a39d759,0.03813095254084816
ck_a1c7cf63467df4c2,0.0014126336202079004
ck_ad48826c1c26eb78,0.812593554909595
ck_985c9ca112000e9a,0.07109914401091097
ck_aa06ed358e43db69,0.08074847432973536
ck_d21612d48bb4f7b8,0.04198743295644673
ck_9a9e3dac79280d7f,0.03429052458144984
ck_8250eddc1ecb07a0,0.08238271273747444
ck_d6f27eacbad310f4,0.007109129548894572
ck_27d69ff4e0cb428c,0.07567296475033147
ck_5e5461dac83531ac,0.008240690941408864
ck_d1bb8890081e0a31,0.03030884858291832
ck_cef2a485a77e0723,0.0024372904476804968
ck_3e24b026bc66789b,0.0007505214606316915
ck_8105bcf69a75ee47,0.006527371307993788
ck_6494f0ef13ce44d9,0.00949975338921987
ck_a4a7ef3ad799c380,0.01600510928987752
ck_a48ec0c00ae20e82,0.03868281026632623
ck_4717f24f2c6f40e1,0.08146798552720413
ck_54748ae0f2daaf10,0.022727973209362658
ck_ebd0a45712dcf07a,0.02332839385965646
ck_998475a2e4dfad4e,0.01391885779662016
ck_99c0a41ac9c73857,0.0023195376763328066
ck_ca24bb0de508efb0,0.008877223101165312
ck_f2b8995fe5402759,0.0017182548689244194
ck_d37d56e931105db0,0.009467363053959588
ck_e66ae4fd586fedea,0.003519941559011203
ck_c1e7d1021ae58f00,0.0019239444224269913
ck_687ab5d5554bfa79,0.016602012135373566
ck_8f8e5e2b9dfec3d1,0.03194038565925486
ck_537cc97d0398c922,0.15420276336900912
ck_56b389627d8f02c5,0.9888384213470307
ck_48a6754977a44db0,0.004358510415626061
ck_074f20921189e7d6,0.005429080983502046
ck_f22aacaf86a65d7e,0.045446388235075116
ck_828eef2334e17b3a,0.012381042283955016
ck_dd8edfefa1eba531,0.0022122456456826075
ck_66cd34bc568d95e0,0.017805738683309487
ck_c95c786d2f8b8edc,0.012619556617681162
ck_bce5b7fecfb6264d,0.03727321113796478
ck_d32fbbfe32c00416,0.015257583961250345
ck_bab5759b07fe2bea,0.0019135552944832257
ck_c55afc68421d85e2,0.004802901944220417
ck_dca0b6ca93311ca2,0.039771193554705805
ck_e0571312f395cd94,0.0184307003746393
ck_fd038a7d33a9d6e5,0.0021457377146878232
ck_ce66831f6611014c,0.020506482534863722
ck_09fab6b9825001b2,0.0009191760644737246
ck_80b50fad7f255e1d,0.014730044247309776
ck_2a97db9377d01e36,0.00629812765286918
ck_9e5b7acf51b1b743,0.06013593147040669
ck_5468fa99c945d785,0.034084497933505646
ck_556786868599143b,0.013444147588710167
ck_a6d4f998dadc90c2,0.7748168348565986
ck_4d2159603045109e,0.011818004573502322
ck_a9ca2f447b984a6a,0.010068054889999423
ck_cd553ba6589d8bfd,0.00782758242787378
ck_830b2c5d1818ac07,0.142900406164464
ck_80eb91b0b4001084,0.0789651526576156
ck_730226c2d216cacc,0.02247887094485779
ck_f07e27d125497b66,0.014226382048150157
ck_b68199ecccf2350c,0.005741333079556491
ck_15dd3ecaa8ce0245,0.5223553637444943
ck_6dac66c8198c07d8,0.017343009933855243
ck_6b817117d87063a8,0.012697517640718609
ck_589109a188adc2c1,0.003189482762524962
ck_bb76609b79e0bc9f,0.007954664743640462
ck_f0cbd5383bb07778,0.03745340083493799
ck_02b9f418524f6650,0.026803184611911935
ck_4e9a6f06ab134102,0.02924567569633232
ck_7334a9ec656263b2,0.010051159137948792
ck_f80af368cfc6cb7e,0.0375422054418856
ck_d74b2ead8aaa3f73,0.02378553702231293
ck_1dd69a11daa7bf1a,0.025753126637715895
ck_7509eb97c1948b16,0.021311103173214156
ck_a406bf11e48cf8c5,0.04210465698339482
ck_d1e3de178601d3c2,0.045667170118854204
ck_71044c29ef071570,0.010530740594897784
ck_a1c88c0568f142d0,0.12253494336067348
ck_dfc6f5712d8d6678,0.07815545309423466
ck_9c56114f84e9a541,0.00950124742112694
ck_d7c28eaa05bb7144,0.007862318435934792
ck_3a30132a57181fe3,0.0476898446280113
ck_48d0fc4f6a2109fa,0.9953828036061426
ck_c0389ebeb0e65cb8,0.00121653739593965
ck_b4c014d5c0cc9eb2,0.004693572570974295
ck_a4258806a533efa9,0.01641370302820619
ck_363751deae40edfb,0.08898075533874261
ck_c1295d97cdf35ec2,0.006198822095651265
ck_648c03f9aa4e45f1,0.12233497743818421
ck_65ed7e72f24731e7,0.00336849331072584
ck_633e6579f5c74a5c,0.6365913146182566
ck_45cd5ef6b359e9b4,0.005655480550221395
ck_2e679af24adedac8,0.0028340680445806065
ck_9e962f9bb0e7bac2,0.008054269946526952
ck_bef3193f124fca5c,0.3677072359696442
ck_a907fa8795cd4baf,0.0014112112153083667
ck_f280d31f54a4710a,0.02469658869267182
ck_8c582eb0f6c0148c,0.006662382650345251
ck_4807726e797fb893,0.016386266699404652
ck_b3263e7f31aab45f,0.024332938972369194
ck_3fb9813849e51837,0.00681590253271606
ck_eefcf0ed15897898,0.021162140020960604
ck_bc996c523944644b,0.031476439270096405
ck_74b848064f2ff45d,0.003575353681213544
ck_5f9e34c849704b95,0.005070141988530937
ck_fc7a9d0643570053,0.0026411885316744545
ck_f437a53fc832ec95,0.5869024155333762
ck_56e6cfa32156a916,0.0012517101298639085
ck_2e1b46c5fc56b863,0.09746001618290186
ck_1af2c0b3b8d202c1,0.007134659679682129
ck_27b07021500ee841,0.007669863480447677
ck_148cb0c723284dc0,0.011589072436846079
ck_70b9274473bd6dfe,0.0007293753490348844
ck_fca7cc9c42695453,0.005486780887706874
ck_8d9518f64b222416,0.006854631224166988
ck_f1e1c8491f16f912,0.007631609281118298
ck_d36733da917115a6,0.031068722038649885
ck_a4691b57f837d88e,0.019748646359315666
ck_e738e920bbd74a7d,0.013866215913112545
ck_6d26a152f900fee8,0.0031918105934845837
ck_630c835243c66b19,0.996371510597641
ck_e88e86b19cada4aa,0.01979694415209808
ck_15918075563eb074,0.0022771986919564624
ck_9439bff87e616d4a,0.011657974503287077
ck_993beb188dd4abb6,0.00985613450494653
ck_dff090f03ca5529e,0.006666538457511806
ck_3baae40454c00938,0.003573119091700737
ck_6ab83f45bf16eaa6,0.004586020819874355
ck_77fa39d3b733c226,0.07415203601758223
ck_daefe1e2d2bc362d,0.003247318366905209
ck_f01e94331067edf6,0.009332952963273536
ck_773efe58c6278c3c,0.03714117389409708
ck_f7a7f8f5903617c5,0.02329611077538883
ck_fe037765aa465c58,0.004305315875371518
ck_29f3a1737a2d9634,0.021913010354173732
ck_7825494e654d5695,0.027126105940182818
ck_325c7643cce02da3,0.025921703432157203
ck_01e0689157fe9617,0.47476746642683604
ck_7bbe1dc8add17ef0,0.0209176448918598
ck_e0ca2c819658f6b6,0.9932508117495873
ck_2d14bcd2e0fc043d,0.0024574345295387463
ck_fac32d76ed40f683,0.021972054083065743
ck_50df50af592b0c06,0.03314917515272278
ck_23981a3261674131,0.012844990113831308
ck_3a4811dc4a1a891d,0.004042365573889845
ck_4874bdec79f9106c,0.02759625558341882
ck_fd84507228467b40,0.07376945989769958
ck_6a17384072f904c0,0.009501346608831073
ck_74991a9e85c3b07d,0.0113321378610812
ck_520ec32c4f253604,0.032345523573425766
ck_ed01be7504dc4187,0.04576177436700273
ck_c6fdb2972417c9bd,0.025096677428638227
ck_74a06f347b32347f,0.02266889695844974
ck_1e7de58822000dea,0.0034017271282124344
ck_cbe716f351d660d4,0.006106595419859303
ck_7560f1891d66f294,0.0012749923591270614
ck_45f4c821c70d134f,0.627477341748668
ck_b1ff9edc51d42f97,0.0031800359390411186
ck_114141d85256c9ff,0.0014543908981198607
ck_d0e95b90ba86da10,0.006893590667456653
ck_252b0a0f1119b220,0.002540538681790713
ck_28dc0fdbaec00580,0.12769802284254803
ck_650020c500b1b50d,0.009816740576462951
ck_e77529651c416cf7,0.013795523313886041
ck_f0982bbdbd122f91,0.009696644467070945
ck_f439f16f8693883f,0.013734201594963262
ck_e30cb64302939f38,0.03211247411793975
ck_873ceb8004d3a9f7,0.035399257714240885
ck_db6d1c6d31da967a,0.006346286665116778
ck_8e7a32f7e3905f4e,0.014267138949910737
ck_2c91f62c05685ed7,0.005599834045713528
ck_7f79878197340435,0.005106753012560552
ck_23ff85f9d2355e8d,0.008874428738934346
ck_b138fc249e659e60,0.011706005982271488
ck_b911a09f328dfd4b,0.0067854063290025655
ck_a2858979dd5645ef,0.002615226202383421
ck_f1f2c3c623553f0d,0.0006642444677587814
ck_30f4b2ee8abe1342,0.07384075502512659
ck_6e8751b571ea54d1,0.0061061589388334385
ck_e901dec0e09eccbb,0.004912325542687205
ck_10495d3a635b8d69,0.07162135954155271
ck_4f5d7985bcc2eda4,0.002992406475907661
ck_7df526b2b4410bb4,0.08021819851948009
ck_4e1757d1347ab387,0.9926347375337595
ck_79b8523137bb2603,0.03502132267592099
ck_891530b489ce402b,0.0031531767464588038
ck_41b954c7a948c060,0.0035228314491122297
ck_59a561f3df01441a,0.02033141883283055
ck_96e4d38ef670eaff,0.00502009686858372
ck_eef67f8dea702338,0.030692174947480545
ck_73e24f5a8da289b3,0.02893535804151357
ck_52cc2fd5095b169d,0.0129059786868395
ck_dbb498b1a346a402,0.004931207635878524
ck_f253130dc3ca5b3c,0.006825162093835076
ck_942dbf632591b65d,0.019402477366573908
ck_ab4a8d02ec3c0fd7,0.0010314375489880432
ck_7f780f465c29398e,0.013647538954016854
ck_adf84b9df54c3d80,0.01673296729581929
ck_1b1df006b81d38ba,0.008072856920581285
ck_3be72c9c178fa00d,0.022958269080572854
ck_ee387f9da79e67ea,0.02927034230526022
ck_731869a0c39cb2fe,0.01954317249062059
ck_f2b0e7a47f442557,0.8132481196177131
ck_4bc42878fa180991,0.05440239358228366
ck_5f3609511443e5a8,0.004145528287690663
ck_b354003302b272ca,0.007987278071268122
ck_1c771a7c78f6622c,0.02692162713204931
ck_466dc6274fecd708,0.0028112303926925834
ck_89c74feeaffa7d09,0.004994382667352556
ck_1ccdc69d0bb712b4,0.021780668444256163
ck_b22e3337b8e3dbb2,0.005039092790428422
ck_79c7f0d29b1db1cd,0.052320374063069525
ck_84df6770549e43fa,0.0015354191158042274
ck_3c6417a233c68c73,0.05807063448201244
ck_f7485cba392bc294,0.15238027481331956
ck_46bfb2cfc29a6d2e,0.01668715847917477
ck_e4cf189a8d31649a,0.0013913364295944051
ck_770475876d0e7e6a,0.006391575323405979
ck_c2b61a98d1c8f6dd,0.7971250444882187
ck_8ae64df60ab6ccda,0.012192970803576402
ck_507e40760a24d2d5,0.015216258403292686
ck_a1e77090b1c6ccf4,0.012624437159673586
ck_09aadb4c41b166f1,0.09168312647352198
ck_604c17cb97dc89be,0.047189958467288566
ck_8d94fbb4828ef326,0.0075766659340744495
ck_17c0a6a92b5765cf,0.007515909365349677
ck_ac79c72a8fe3fdef,0.047956832213524994
ck_b8cc2df5192bc49b,0.016980033194478446
ck_3132857aec8485bc,0.0008476636144045161
ck_b6cb8d6ae828eed1,0.05728048864782371
ck_2f82ea66c4f53b33,0.08637255288387269
ck_1de43fd6c6c22a5f,0.07633245324675535
ck_0348cc6908f7f3af,0.0015878171119361887
ck_6e676daa4855b58f,0.08283940528433299
ck_2a37fef48b44e9c8,0.012573187970282515
ck_bfc2a57d8fd1610c,0.14984710166393878
ck_c1c7d4e62c9fcded,0.15573338306527051
ck_36e72ef9273e7a95,0.014376841317330247
ck_ebd178b3f3a9c50c,0.01209801259187318
ck_c89b9ca398402f1e,0.007972976784886354
ck_bba413492dc46f2a,0.01926721162528012
ck_e971faae8a10a260,0.002583253230911423
ck_7e6569a1b2455cb0,0.0031582530608632348
ck_744ffc11d32b96bc,0.008444316388531081
ck_435cb24538c6f77c,0.08308696526795441
ck_411219470d0a195c,0.007027160867838353
ck_6f730b77dc6cdb84,0.008383644663764412
ck_aa4ba931dd37481d,0.0023912611483086527
ck_aa59702537557ff1,0.019807467437999153
ck_c58d9151834f5bad,0.025013217723384332
ck_3a0e0200cbb185cb,0.01784030351562461
ck_c98b16f9a72a6568,0.0005928080717404033
ck_e5cdbfcca2456652,0.016611157953780067
ck_ff45764ea7d6619f,0.01940323666487767
ck_6ec39903f765956d,0.043647089732406
ck_9e17699baa83d173,0.0020192307274620094
ck_1fc98436281ee39e,0.001542159691259322
ck_76ebeb5aee42f041,0.029561404753725467
ck_562320295fa35875,0.02674775336746102
ck_84c402b23766e1f2,0.02179488621470365
ck_8d0532d24f1070d1,0.0012918520726549712
ck_32a495128395fde5,0.0023414498370515793
ck_f067470743d3c7a2,0.08138885796718605
ck_28dde633692904b0,0.054636820219872276
ck_e61c8721e3ef1921,0.006147041346278769
ck_4e333c09f0c37dee,0.017792337841749
ck_3d58628d1c853c8a,0.008256881160989816
ck_3265442528d51728,0.010611141824954368
ck_cb1c00c300af3f9e,0.015994967798716623
ck_7ae86b5a885affc3,0.16036526843329724
ck_a50370907e6b397c,0.04527982895839325
ck_df87d6f61a63eb21,0.006834562293531339
ck_85bf21aa1a00452f,0.008150890130360564
ck_b9f1465d803e57b2,0.08279316817906143
ck_91c2a5fe69b9b1d1,0.00968590403322224
ck_f3199fbe84a28b9a,0.015213475507295798
ck_ec3eb6dd0967cac5,0.04329142058999076
ck_5124a2e415384945,0.0468260503048125
ck_073509af21dd7f5f,0.2794172291677927
ck_617b65141f546a1c,0.005392556494131842
ck_fa4b60387d744fc5,0.0031573494702087953
ck_98068c397d70dd3a,0.015799848349921843
ck_aed2681e1646a0df,0.04872215812173204
ck_e98429675b46272b,0.0030531111217634147
ck_b25657bd16739036,0.004297829422005302
ck_75217ee144b715f8,0.03400510206241765
ck_b359192aa659bdce,0.025530349810573824
ck_82181b935360dcbc,0.9823749424666961
ck_52c0ef68aa2fb8cf,0.008279927948489117
ck_06f042e9b1b662fd,0.04084799255894862
ck_c0b5cc3e8ad2ff44,0.013824367480101081
ck_368b968b5f33431e,0.0021516075095258627
ck_6e44024e9de301c6,0.0011045909324478307
ck_f5e02a3432571b20,0.0487514442493042
ck_bed0c020b10afa3b,0.011962192897430148
ck_7e63168dda612235,0.007469287847924394
ck_4c25570eb72711b8,0.00410896700520471
ck_58955542edee1adc,0.00737657446460813
ck_06d0e4a9189302a9,0.013799914321630927
ck_f1b80b821a20186d,0.02714227731873721
ck_b5c93e6d34f8d366,0.003959536076307616
ck_69587a134d43a4ad,0.03690000919619196
ck_70a932ab39d86a24,0.004054232231675937
ck_96100d5e8e051e91,0.008417927466379552
ck_b26e4ae47c9107ed,0.09571539625024043
ck_492e4b89c61b7b6c,0.020118686603442026
ck_36d78ff3bc033ee5,0.00437395241771391
ck_9c9884b9bcaa552e,0.17783225698454477
ck_cfb11a0a2325bff5,0.0017656350954316782
ck_598e036a28262aeb,0.06870780482363671
ck_8176616132458c0f,0.010828752402840487
ck_4becdd3d2696c7ba,0.004694249452590372
ck_7333cedb61506ead,0.011925127863623083
ck_a69ca7b9d70972bb,0.0013168081532134398
ck_e032068be7b77d15,0.023797838381101638
ck_02ec4e06709e6b82,0.0012703421229098288
ck_13cd943777651aac,0.02486064542742958
ck_29640fc2fe81c251,0.013931008827802845
ck_00d1ebc31ec4653c,0.023307303812774294
ck_7c872c99481c1e9e,0.013863547951268205
ck_b1dba768dbe7affe,0.017400875334626684
ck_7c3a6a82f3c3241d,0.0043433875401768865
ck_c924f36bc1bbbaa3,0.007280487975373873
ck_0a2b7078736b4dda,0.0025306914436777537
ck_5b5dea6476d4e182,0.01305389835716324
ck_f271e855925e8d6b,0.13974869976305226
ck_97a8dac48dd62488,0.13508871532331507
ck_63133a79f23e2627,0.02440381842986172
ck_9b5ec0f78e160e65,0.005477400130388196
ck_7264486eb512d84a,0.0070698615671978045
ck_a50621b5eeca84b4,0.0006629589711087289
ck_901d820e0b72abae,0.0022951224747695628
ck_9d1a5cf5a3b87e48,0.014181221990486033
ck_e291cc60920456d0,0.12060799318935085
ck_755010362a9b1bc4,0.002900343897086941
ck_8285bd3c90af94f6,0.011314479188159692
ck_a60388296a47062c,0.0325130134134035
ck_d3d5b2717cfc3913,0.017752678397624302
ck_18d214b1418be39d,0.0010522783969790657
ck_6d64e1c07b19856e,0.0053345126535178705
ck_0a993bc947bab61f,0.013834762306559159
ck_7501ebbf4e21f160,0.01222828886057791
ck_cba4162ef29a6d27,0.019821061832045916
ck_26bd0f8898afc8ba,0.0027837630179901947
ck_0a0cd7f4be606a93,0.05123571563910104
ck_f2c7a4c50e2ede96,0.026075314459796033
ck_50d0bb7edd8c69c0,0.035550871457365456
ck_5791f8f76a629a4f,0.05153950127426194
ck_0bf35dcf7b38f650,0.0053421926532334595
ck_646dc03de4c31803,0.8910809319685462
ck_d4007b5b26d9d854,0.0015527080241078666
ck_943f66f28dd24750,0.0004393894045023208
ck_984dd7452aee372d,0.07571991335710049
ck_ecaa6de0aca5e9a0,0.006436761622632108
ck_2225b555aa2a42ed,0.02898500460607383
ck_f11f7691af16ad07,0.0020887442083612428
ck_57849e15b61c43b4,0.003292702372411972
ck_e6b95ff91116a592,0.008075428558048629
ck_184983177b73dea5,0.012231045013056696
ck_3bd12d468fdc2450,0.008790397043980998
ck_08c7bb0f9851cb76,0.042551682691487465
ck_779581adb573261f,0.0116061359649437
ck_02d4cef6358ad3b7,0.0034912136970497226
ck_a60a61ac829252a0,0.007933290488981315
ck_942b95988a6245a6,0.06960630318528817
ck_6ea70950c1cae00b,0.8861758734415244
ck_f823407ace7ff064,0.04686358598290961
ck_7c418947124dee8f,0.10993877299803649
ck_bb0713a2a1d65982,0.016766550635070987
ck_a85182ad90b6f1e1,0.002447648909044052
ck_e267999226b6321b,0.001499991535426735
ck_4ba8bec14c2217e1,0.009919395685041452
ck_174be2231c5fd2b6,0.003976150784794537
ck_610815786d729d2f,0.010961448397397613
ck_e9b75ed7567a3f23,0.026934242353939833
ck_7c5529bcc079600b,0.007506445496727396
ck_5d16e257c0635f7e,0.32412593393867084
ck_c830f3830875b47a,0.02066111195194766
ck_2caf553b31831a50,0.006276599458726869
ck_90696b7182dd9129,0.0066123514541866
ck_38e4a74ab256e2eb,0.006792676241451741
ck_cdcf6671b37c9c92,0.009926144401462939
ck_f0c18cb9f951a71e,0.007127810003626811
ck_d61d97b21002f3e9,0.07149902669406784
ck_cd09375e6c81d2c4,0.020803562852535238
ck_a79a27767a02e31f,0.02123042166365213
ck_0943e0f305078e34,0.986738033369035
ck_fe3b67041dad2dd1,0.002022560296701855
ck_3420f2fd520890f3,0.003581260090464658
ck_3e91dcc209431984,0.01720056821460645
ck_e4d6dedd97233c07,0.038192620375947194
ck_19db0bf788697c2b,0.01161192119444031
ck_4221e07b17388fd3,0.14690078967152675
ck_5e8e857b63966609,0.6350973970213516
ck_c8806749e263f70b,0.0011941069736374245
ck_233a487d31c3e631,0.9967463158116537
ck_e2a2ce9b8cf44c63,0.007723233821393995
ck_e6c8611c0cf233d7,0.004765358217971833
ck_4fecb87eaffd5cb5,0.007230664764087248
ck_f91d48c40337d375,0.011770398494936852
ck_79c30169c71b8033,0.8713509057575631
ck_b0ed11080076e381,0.0029036970975982656
ck_bd2545c62f258231,0.027504033315406063
ck_d69de468b44143ca,0.004370483991188315
ck_55fc62a5f89a7251,0.012612757046850007
ck_c16ab1e4dafb4910,0.10149385255343253
ck_069d158665a53909,0.02443891341774675
ck_ee4ff3aeadf912c1,0.003799596717622784
ck_ecb1e15f0b185ceb,0.06674566992510668
ck_e76db7d2562f9836,0.008754329383976175
ck_d1d079913aa158bf,0.0041122366741069265
ck_2cb763a881aee27f,0.003154988716201651
ck_19becd44f2c3d2b5,0.05033476576543843
ck_5e20953547ba4135,0.21549477859420976
ck_f04761b4a937ac3b,0.011508023108445018
ck_7d0fe77dd5ddb656,0.01009836342079507
ck_78f01d78ea79642f,0.014398667502537205
ck_ad54292a0b2f44ef,0.029410182001215323
ck_66bed631354de5b7,0.004903900336897136
ck_417090dbffb1a63c,0.01785947972592151
ck_d0935b571a4a3868,0.020374163490293386
ck_dd0e17605f970319,0.003635260508535537
ck_2dc31db181150e20,0.010198722378470495
ck_b568ba3837afb39a,0.0008043496937546647
ck_8de69cd219d3b87f,0.19041374893508986
ck_3d4913a86f207fee,0.042024750219128965
ck_ee949c71f4f702eb,0.997011761290368
ck_01645ea51972e99a,0.021873652649609093
ck_a60c618b7f0e4252,0.0029865790336068825
ck_3837ad850996ba60,0.01469004250912382
ck_a524071c51ddde20,0.008473341987008673
ck_0af57ebaa45877a1,0.004977222783349481
ck_a7cf6c3b322f6b7a,0.017585537511636006
ck_ce0ec41f96951048,0.023290679842522016
ck_5c3a671883d58b3f,0.0010858266713324098
ck_7905fe8e257b0449,0.1316444301981225
ck_da6d1e5cf6aba6fd,0.01980263744460811
ck_6b67fe8e310ab865,0.00985269705501465
ck_cbaf8a954281d4e3,0.9796974522032796
ck_ed26d906883bea0a,0.002004468707676795
ck_b621b6ffcc7f4848,0.0032530209970779585
ck_ef6f8e048ae1bd4b,0.006275844470636324
ck_2a09d142de1c77ff,0.016202978401233574
ck_c340644176ca03e7,0.014695388276558353
ck_bea2cf7a6b7bb900,0.00668249452313808
ck_1f136a4476b5e775,0.006398492579761711
ck_3759939a0205306d,0.013004661774865532
ck_ee13c091bc379188,0.04673713342054695
ck_d58e058b5c553dd5,0.00766131531921799
ck_396e9ea9a6c6d7d9,0.021016747493757964
ck_402db4184982fdf5,0.016123482722016743
ck_a037aff5f8128c73,0.004383826235092663
ck_8f6cce9f69912983,0.008052731743496914
ck_8758fc6622bbb7df,0.023856484168320615
ck_6ca018259f70858f,0.004578356469241771
ck_63379e3c9fe6f711,0.03753887863932113
ck_5aadd286d188f5c3,0.0028602850310877176
ck_e69d27e8965df0be,0.002588011184995184
ck_c67f7944896a0310,0.050242314255314474
ck_565e3418d2f4061c,0.015859600683146197
ck_58eb871e8d7bed52,0.2313427131102675
ck_d5f5b0dc97b9dc27,0.047548534177303974
ck_87abe9cd066a20fb,0.03247987055766794
ck_ff7e31ff8ba731e5,0.009604108880980358
ck_f73273e220296be8,0.021760540524070972
ck_73f4eb09af29b1c0,0.0284720175995657
ck_49dd816b31fba6b6,0.4440783430757538
ck_bdd2da300b530c5a,0.01159601508926198
ck_8a4952de8a123ef8,0.002999373350786841
ck_49170c4b31a20f5c,0.002368658646319381
ck_2b7cadbc8b180d32,0.7985547283016782
ck_eb1006e7285184a6,0.01869110360693359
ck_646d8d0834782d6a,0.31672063975645287
ck_1b823610371a29c0,0.0043723911240772795
ck_8dde670a735d1e90,0.21942957984814004
ck_37899b1b571b1c6b,0.011242791010747287
ck_82a8bdd2692c2a5e,0.0009874762230686087
ck_5c67f27816ae0b6f,0.0262075821964189
ck_fb6e06ca88519dcd,0.011083547657731693
ck_f2c33d5b65b321db,0.031827624141150625
ck_ca1f6f01868e978f,0.046599187147172316
ck_22bfb9246646eb41,0.7530662887671754
ck_7cd9f39c50748ed0,0.0028819080677541385
ck_62fd7eb46bee9210,0.0171903909829604
ck_c3c19d6a0720915c,0.0012349455308965365
ck_7cd0634a6e60af83,0.01784497258185733
ck_2733fc6ba23ae46e,0.025724244377163478
ck_82f3f744209888ac,0.01676839801797928
ck_66eb09be007f0755,0.006854216653883635
ck_7f8e816ca51755e3,0.868011468446469
ck_4185506d12cf9fa0,0.0009389684912981363
ck_2659d1d3762a2825,0.00810074275247855
ck_df4424f6dd85080d,0.10250285278944796
ck_5e9e149a3b69c726,0.024327536283691643
ck_8288f7f226e08b89,0.008159332086764741
ck_a7285955e2852686,0.013651529889356001
ck_d099fca88691f66f,0.04740480972108091
ck_166bd1dcbaf4d6fa,0.0015381338148477309
ck_fa5830d81bc8ddc1,0.004341377096477991
ck_18e2076397bcc211,0.031506998160269584
ck_f7285b92648c1c81,0.00339813156481397
ck_ff42557857ae3aeb,0.0009150148706072523
ck_7956c251b85f009e,0.5052761098654527
ck_c2d3ecd7278eba2c,0.00315093801939264
ck_fa00aa0f3e859904,0.034598895728914114
ck_0063d2a9507467e5,0.004461818762566027
ck_26e9a7bb2061a58e,0.03627522113233587
ck_d7607a213b800bfb,0.11420453358072219
ck_266ce7ccf41ccc50,0.012571908541330678
ck_8e16a64a776afa82,0.3483750161923122
ck_f7fc1bd0b9ab1fa4,0.019191425683668478
ck_a4fa8833995c716a,0.03661825776809286
ck_ab640420858ab5c4,0.23713603801280686
ck_5923f53b77193a58,0.056636610858464165
ck_d1bbfd246c0ac9d5,0.013057919569066023
ck_e007aedbf37d6ec7,0.010025934618755368
ck_9645e7adc08631b5,0.00873330143222186
ck_57bbb19eecb4b87c,0.004161441925812457
ck_96953b8945b7d403,0.008010043597967895
ck_1078b1e155b5b640,0.007024336679133478
ck_ee53ce862bc9c111,0.01608925128442702
ck_ba6e1115fceaa067,0.052827364561364956
ck_78181f8e998e442f,0.0016383475497436855
ck_016e8c8eaf9d511b,0.05457272875061867
ck_e2aa7be60794593d,0.1702926283813286
ck_ae8e5dc4b725bc25,0.027460246129531195
ck_fc7935f784a4f249,0.004235906685296024
ck_05d44eb1f5f085ce,0.015065768632372165
ck_49886ff1e2c759d6,0.02104569574493279
ck_d87ab3261322216a,0.001570505302711759
ck_0ac9848bd4ba0c14,0.0011607665128260066
ck_d115ac6b9fd62a7e,0.012655729132317436
ck_bdcf049c1e7d0c95,0.008474070476107631
ck_7743c9fe037d1f9e,0.011619352476608976
ck_37143d9cc296e6fa,0.004542102685346663
ck_2f138fce1171e277,0.03766327130982898
ck_61fa051192f3e810,0.016335478050791327
ck_417a3500b2c717b3,0.0460388523408511
ck_9473ea4a01c95f9a,0.040404651075535654
ck_de5eaa2cdbcb67ff,0.1273557533012476
ck_986e4e61440506d0,0.09267015700327826
ck_d3877e1f907cc148,0.03269779975672563
ck_2468a7e9e68a0927,0.005484832624440095
ck_c3ff6790cc6d7e34,0.010194139489444028
ck_bd85f30c36f5998d,0.03229220863418944
ck_90bf017cdd37b66e,0.036163752697010915
ck_448456f96788713b,0.02891805098200042
ck_455672e652fe1abc,0.8402994759113163
ck_142dba210ed2f3b5,0.009402839553857718
ck_895bb39d24bc1c4c,0.004979161269397218
ck_21ed2ea6386c5a07,0.0014885663300896774
ck_61c74163eb36556e,0.018112330391014193
ck_7e2ae8b69ebd5675,0.005503657591164787
ck_9b71274ff83de482,0.9833628490581656
ck_748af92828c9d288,0.0011273491913265982
ck_6276ece8f80ea799,0.018916601434182643
ck_f4a6a7cadd6e0603,0.054423234465840346
ck_33ad8d53394ba77a,0.35283007711292524
ck_f65e5ff7da565f91,0.013518343403461796
ck_49969a9abc47cb69,0.03980834462845723
ck_f1e0a006068aff29,0.016492397617665067
ck_72b86e4485da2d0f,0.9711158082599579
ck_0789ff4562202b20,0.012670213039965702
ck_bff090cb4ab76b9f,0.014979510002085755
ck_15de11438732bb05,0.00561070166628272
ck_9c9287cb28950eb6,0.03546029915418963
ck_d11d27de7bf0b973,0.26847332871943347
ck_7f08078908599bd2,0.02700863773359963
ck_c1d1a625b885a975,0.01911449018129481
ck_2987eab34ca7805d,0.02072692693805509
ck_c2ed04a9d218410b,0.005734450213020882
ck_73d3e8c6077f61e6,0.1289884308557038
ck_9a15fdefc47e8d11,0.01937321460921978
ck_f738b633b8862d18,0.0010022341115465308
ck_56eed7041add49a1,0.2932284295674978
ck_3fe86b6331ff95e3,0.0753874448049837
ck_34a69b3b4a681796,0.2254359128037783
ck_97d04a67a104af39,0.05939440433217865
ck_833a65b86a5d9bda,0.006608147200390319
ck_34dfb57e5bf31d2f,0.03780368201871156
ck_ba7e347251ea399b,0.024880946708442434
ck_31d4c0518e5f52c6,0.002403142579858242
ck_6f04d047d1dde75e,0.0007803952133799235
ck_82b5b79ce3517102,0.7406663034295742
ck_80dfa54b30f65fff,0.7668937521426122
ck_3d7b1078e2d57c69,0.0020587061917570148
ck_dae09c4e074af5dd,0.03158097690195768
ck_4ceb43ccd0a81c2f,0.007979156565756223
ck_0cff8153881875ba,0.013962493006896837
ck_439cf7d51ec7de0f,0.009490808943133396
ck_165a868bdef28ad3,0.03658081460116313
ck_3174419a81e7caf2,0.0028757497380606186
ck_0c3dd22587b08018,0.01583943564880812
ck_88774ae52e30e877,0.009373668696339713
ck_c24f61925dc158d5,0.07019139479409549
ck_c543d82e22b3c8a5,0.004054011562029274
ck_c78c096ca8cb33ac,0.0009569930077452924
ck_385188ab27784fe3,0.026281227036021208
ck_9947a323bab5cacd,0.08443706920062698
ck_86d7127391d4e01f,0.0019840191024435806
ck_a1484e6215fac651,0.8220256613411159
ck_d4fd0e438c97e0c7,0.06180251715416365
ck_ac7fe1c344190c50,0.012089173265185727
ck_e7a6b925c8f39a85,0.01876140350165876
ck_38ee42f15a573e81,0.021494611356708417
ck_01fbafc42c8e33f5,0.004640320667941371
ck_d3137f0f7629040b,0.00437147625138447
ck_73a7794b659d7a34,0.0034032726139632805
ck_c86520a00e50a926,0.05316526347700417
ck_7f6fa79c7a107161,0.01641041901508181
ck_643abfbd7548d0c9,0.03574109237759577
ck_1b0434f096795328,0.003803673406154959
ck_e527fbb9450a4581,0.897335872119776
ck_35bee1fc12664644,0.17555732228696355
ck_9e21ea33018ce538,0.016279843004723953
ck_0b34197335ba3341,0.01109155087157187
ck_a432b1bf1d3b3d5e,0.25445012847604376
ck_35c93b2924900376,0.0023006149746025
ck_6430a8792f400e0a,0.010594207183213054
ck_7ef666d67bc70223,0.019820824299895616
ck_a3acf4b986afa98b,0.10571223883580665
ck_5d1e25d7acc5af9a,0.011232274999713776
ck_d3885e286b3b11d2,0.04152571660373027
ck_e7f61b4a39ba98ac,0.0018215510563304638
ck_c9690baddfc4177e,0.00106514030910058
ck_59fae092fb0c4aa3,0.026548321461402263
ck_11960b5f1c7a5e2c,0.0018030899407508404
ck_4b9dd69946438d0b,0.004843381240006753
ck_a2cc3910a641a808,0.4793086032145025
ck_018f780215ecaf38,0.005448111977157416
ck_baba5d66def0d770,0.03889708547331291
ck_cb1bd7635968ed8c,0.20848690051510274
ck_5a17c89219d1d9fe,0.014680460045039952
ck_3efb0e9bf25612c7,0.00565410569702584
ck_66f94903177f20eb,0.00567759285014561
ck_295565fbf77ef885,0.0023210587208603514
ck_0fb3153d37626b75,0.0009196237619325181
ck_25fc3010e8a0f6d7,0.008745978013645302
ck_879cc3166fe1bada,0.0025944063769186058
ck_a5e036327d3d1862,0.0006776708931109782
ck_1694c28f44480e98,0.01590473933613529
ck_c6cb651149dc9a8a,0.0034679120677682494
ck_c5b583490198672d,0.015677969960468212
ck_1b96d9af0d7da2d5,0.005916315129251668
ck_0a8029e79a5ae7ce,0.010812437312077178
ck_c77e22834ef97005,0.4832804949360536
ck_d8ddf5e99f7859e4,0.0144130620620866
ck_91742711dfdffd56,0.02352638848287518
ck_95b894380ad2702a,0.10348904533581146
ck_277621473369614f,0.9956765948881899
ck_5cb9d7b2329d5ab6,0.02892773444182017
ck_67025c64588abd1e,0.004647759669473872
ck_fef850553862aaca,0.0024008562951165404
ck_7929284327667791,0.04943978984807072
ck_319b059bb2145586,0.026127811295251418
ck_c190c7b924edba75,0.038045153602054634
ck_57b657aba4daffde,0.03749269533763283
ck_55d7217b0aff9fa2,0.004779203718146272
ck_1dade5592f90a15c,0.023875865092253187
ck_8f346b72fb40bf14,0.0024772292672938672
ck_cfadd21458230ef7,0.010204638641634615
ck_793048d11fb8b328,0.08998785856196971
ck_70b9b79ea1aacba8,0.018467133471417152
ck_c54c5d8e4433b0f2,0.00857874326924063
ck_50422466f145bfd7,0.0019492039224016566
ck_a3564236069e3524,0.0446191698248825
ck_ef059997563e3330,0.008350858345287322
ck_e14892e424180549,0.004699217315513619
ck_9f5f81d771146aa1,0.0015586605379464156
ck_3a469039a5b9d963,0.006944544304691501
ck_63601a58a6120d8a,0.04388142029865334
ck_9323e6fc1e168eda,0.7284474506854804
ck_bed8a480e27e911e,0.021390607047491635
ck_ddd6625c5eddad70,0.0005674175225641872
ck_5d22e9ca1d15180b,0.3461512726219482
ck_cf36d8b070ded782,0.014535891347106903
ck_fd5609bd23a1eaf8,0.007049658663694713
ck_1982d571cd36eb0c,0.00835486562931947
ck_c021495606b4735e,0.005680992901608208
ck_1fc03ba33edd9e67,0.030066525939101044
ck_67e075c982add719,0.003903645932762993
ck_9040edd974ef8e3f,0.2576670614198636
ck_c3fe0c6c5e1f40f6,0.004920518732144761
ck_767947540b234add,0.013723938019503463
ck_e8298ff2dc1e9d50,0.005744882068068257
ck_becb6e1c608e0078,0.003946813873463686
ck_3ce7cad1f69b71d6,0.013638048180480577
ck_ed0e776c0926ce67,0.05568773251935615
ck_14f0484b3817eda5,0.011338737565910353
ck_e2a1068c2fa22525,0.015442780901480158
ck_eb224c0fd146253f,0.263425746135424
ck_f92e04024bf13558,0.0005975066314278898
ck_a9161cf1ca22a6bf,0.006622103125842844
ck_1a46b56f4734d52e,0.014291366324084346
ck_cd655202db489010,0.00472130197152983
ck_a980b296c95153f9,0.013800291308591018
ck_beaacb4a783db21f,0.0054832749139948015
ck_03009b721568ee98,0.07621705926935936
ck_37ad3a65db673e70,0.0029413809082596528
ck_071ddaaf2e4e3671,0.0036968972223465906
ck_019d5891103e7da3,0.018331986400276123
ck_1a065ea906ae3d6a,0.002306967180435595
ck_6f2f0396e5b1c538,0.9692442230445911
ck_055fb9f2e1c8c934,0.03983149983981121
ck_6fd8c86ac719d7eb,0.09526798133566164
ck_920bb003b42e6310,0.004355435578645671
ck_8beae3d7328fa41a,0.04630197233523953
ck_910205d25388a0ae,0.0005332898071065373
ck_007337aa99a4891e,0.0009303107237955518
ck_5df6529ce8290906,0.006978516736960395
ck_35f8656bf93e3b3d,0.01829980651103785
ck_0a2f8b2f8a5b6f02,0.014732080192173702
ck_fab4f2f8531b4827,0.022871370166864212
ck_7c4e588f927c27c8,0.01874728095333568
ck_7cdec61e1c488798,0.03417876721812666
ck_19468fe07e26f992,0.9599905474237597
ck_d021fd497ea35fb2,0.009322023793494807
ck_1b52590757c0fbeb,0.017410921700616783
ck_074be35c951ae10a,0.015010226882690884
ck_38e46bc861e0165b,0.023618549962915514
ck_201687857ec8b3cc,0.027572013440257108
ck_bebea2cf3063fb24,0.010470664446303925
ck_dfadff70a58a9133,0.0018570723581490516
ck_d0c9633fed57c344,0.03356646018119164
ck_3303fd3f64632c7c,0.13959236811080758
ck_9d4fed252718f58a,0.008233433069739882
ck_65ad9b15979e3247,0.008301470571926638
ck_93892e91387f5103,0.05151324994069965
ck_6f81c199e986d9fc,0.006775830934167459
ck_bbe1a2ea5a403ad8,0.22752745026512075
ck_a89b66665714058f,0.0211635651076618
ck_0e9b982afc88a3a9,0.9906360239507448
ck_f14dce41036486a3,0.9945527152127351
ck_5d7ae0e3562e99bf,0.10224571063996597
ck_d263b55f0a681cce,0.043525127716052714
ck_a443d49c2b4863b0,0.009037062769176745
ck_2baf214ad6bc0dbf,0.026817782603131696
ck_3ef7a03ebb81cfe3,0.0019384541330956118
ck_95790440bc4bd2d0,0.017742467521258715
ck_841f598bbd54c83f,0.006002868944173815
ck_a7bc323ffed2ea97,0.36774174998597964
ck_f5100511609b92c0,0.0019747142661105804
ck_2a07c7021b71cf65,0.030915143173907284
ck_44b9125526acb05d,0.029891408169749133
ck_c2b4a1d8c0b6c1cd,0.0011372498967298134
ck_29c11bd68858e923,0.002175599604606753
ck_ace3b96c977a7560,0.6033454855956542
ck_e3d4b6f681c783ab,0.024332244727000515
ck_918c92182b6817cd,0.013298441197456124
ck_d66952b03591bdec,0.0063821905422471225
ck_7a58e0cc9943c39a,0.0035287569375111183
ck_cdd2ebeec75bfa69,0.09962446835578409
ck_38703b7546d35a80,0.015330477027379075
ck_b60fb9a10d6f4489,0.059510896490239905
ck_bdf837d761a7cec2,0.38782697432191254
ck_4760216154c8cac2,0.613845791259652
ck_b694c803b62862b3,0.002445526247450913
ck_d7877684c7923ec3,0.01414418032465393
ck_7384d4d2406aabf4,0.005448578889388761
ck_0c2932cc0d553694,0.02398866814351245
ck_bb41a66e3d90263b,0.12441481066535147
ck_5245cbc5ff4d4fa6,0.006829201428639981
ck_4df2fb8e4b649e27,0.004643515083234579
ck_bc6f07b06aaa4ce3,0.08327833708766227
ck_25a1ea40b2d59254,0.001343323506980041
ck_af65eb885a51048d,0.002692623260227622
ck_7a3f2961e9a8b6dc,0.00936478039487027
ck_a9f700eee5d638df,0.0011919015649435385
ck_5e18870d8e30e379,0.010297913413870978
ck_e9047964952bee70,0.022144658102488484
ck_49c3bf13dc9471ce,0.015327255208337205
ck_4f63d5245b3ac1dd,0.013525270701236783
ck_291bffc7809f896a,0.002335510841405172
ck_9b5e7fe28208f5d1,0.00418024533731621
ck_8f21f2690c32c691,0.06906532071017822
ck_729cc0b46cc2e546,0.08353096231874116
ck_ee4d9a7449515908,0.0014253688236628341
ck_2c629c657f73941f,0.015947695431664608
ck_e4df7faacdfe8c40,0.03609990228342176
ck_ddc865af1dd5670e,0.00893283846739626
ck_e52cbcd9aafd26b2,0.00398956006529546
ck_0ac9114076f5bf3d,0.014529295686810084
ck_7661d7ceaeb19f97,0.021084375939512547
ck_028c41b195280980,0.0062211333020863345
ck_dcc125b178b79566,0.0018777848252341358
ck_1f517e0ebf397b51,0.013992041334227158
ck_2c80a592fb4cd6a3,0.0035671212456087225
ck_391639c0f13932f3,0.0009547275656632654
ck_c36ed9f8e6792ea4,0.008130949100157622
ck_3689fa41748a6f6b,0.06976711342230144
ck_555848d51f4b5f35,0.04635388929692207
ck_27e4de495abb4d15,0.0032815734848874877
ck_054ed4288ee58d6e,0.027483736565293976
ck_1422a7bf7756294d,0.9715416529776022
ck_27acc9f320cda104,0.2546170680329843
ck_9c4886c5c90ddbdc,0.0034822201135058716
ck_5efbea1befdefe1b,0.11580130014281247
ck_2f9fa0d61829f815,0.009628489135795839
ck_798ba4b8aa544fea,0.0023799985668420103
ck_54e581f71be5430d,0.00373648763564029
ck_5b82c774df10d49b,0.0017267082018069888
ck_01d840cffb870615,0.611515062729932
ck_3a8ce1cc724229b8,0.0010021305975737773
ck_8f43459991ea511f,0.007157052717140943
ck_f878b68d66fbfd4b,0.0017203536166808897
ck_e84abfc0c747c9dd,0.8965065417024896
ck_083e4ac78685c3bb,0.029486613339740852
ck_fd242b18575e3063,0.09880559462564846
ck_b150fe4efb449b05,0.0032552688521809863
ck_5e84bca0e362da20,0.015278975985766656
ck_95188150ff059c70,0.20198531374657652
ck_c20638a325ead2e4,0.0018360590830096529
ck_dfd3dbd0d97a642b,0.012794225052945122
ck_5fdf8a0bdbd3ed62,0.011161498791107304
ck_d6df562a79b9d0d9,0.006356389627559012
ck_28c53b214b2ee882,0.24514217554363638
ck_aa2b4c662ff213b6,0.021969583871063826
ck_5a6593d954085775,0.00300261161042103
ck_558cfe5f77a55a9d,0.008793297404970373
ck_c7ae1d4b3ab38185,0.002351987471902014
ck_0fd826fad7ec7cd6,0.026223973870948627
ck_ad6d48c20a3688a7,0.0028002232308450762
ck_123c15d93f1840f2,0.16110703755696373
ck_a75ece9a9044eed0,0.001958776799821107
ck_403da2a2d800df9f,0.2540183222090763
ck_7fd8b1470401695f,0.20591177075226985
ck_cfb06f07394dfe64,0.0010030387594246687
ck_aa01d5aafde73d0a,0.007638605787748709
ck_dcf851e7bb5855d0,0.0010454376113377864
ck_2fa8f2577116e9ca,0.03581948321658084
ck_57deb202d4188a29,0.004841888832706574
ck_a95afc7a00303a26,0.018014833448699398
ck_1f871df76c6a995b,0.049340818163703476
ck_1a6b30320835e57e,0.01671242986562471
ck_73c5371635aca173,0.7893453932368983
ck_1a9235812de4b2c1,0.01210137688808668
ck_ec26e327cc1848b2,0.0050240468491037915
ck_0742fe64055d686f,0.003615405183294124
ck_076cbc25c8f15fc3,0.9774806063889082
ck_ada46085a78280e4,0.022378402047908558
ck_0aaaa9d2f75a0518,0.017132917698282825
ck_4ff6fc70bccfba96,0.2525386377444161
ck_a6fc92aa91e99b77,0.9510944421989765
ck_6031211ff118cf0f,0.0026276740531277925
ck_920a48ba8c583e96,0.0024295139307511583
ck_098167eaf124c279,0.020408156317010713
ck_91a0ca45f429568d,0.026393712084760906
ck_e077d004cd1d80ae,0.009548203292382568
ck_20a7d1ce6cc27312,0.0032181840901806904
ck_8d27ff8383d48132,0.009192153210603593
ck_c47e32c47f0e6578,0.17872329799268552
ck_9d7151dbdf100e0e,0.05953225416043925
ck_5dd80b3c01457bd8,0.01877867484849619
ck_8594f165e95316d2,0.0027830363687119334
ck_a58e900469dfc3f0,0.022856122322424306
ck_f5178a658225d8e4,0.0032064073999961786
ck_f5dde68f6f0468e1,0.0020333932326872203
ck_a8a2e296f9804bd7,0.032102444330997716
ck_463937167965a1f8,0.020659621832118585
ck_12a074db100481cf,0.05614596126735681
ck_88e3dd3039508332,0.03094748582834392
ck_9cdfaa1c30cc9d32,0.0011451740047038696
ck_4e0e80f5cc271bf7,0.0011632234520435349
ck_af69bfcf4f07d932,0.008363571203323534
ck_5a4d19f1b83feeb8,0.003419978695998134
ck_eaec5f1a83b66eb0,0.29814757468565983
ck_2c4be237a7ed79c7,0.004125375147739255
ck_e16528edc694fb33,0.9302427178969642
ck_3c177f5970b68bd3,0.0058255998932185615
ck_ad7c256ea10c4a00,0.11824104659973823
ck_012519bb095ad36b,0.994351176869058
ck_0ed2739384f1d644,0.013866826791287921
ck_48446a9e8184c7d4,0.0008059643795043311
ck_31e1ede23247d56b,0.029942308832159224
ck_40052cac10562cde,0.021347636768402956
ck_3267fe3aac05c71e,0.01011789121151658
ck_c3db1b3ad4f16679,0.012861034711118427
ck_1b74b798eebeabdc,0.010345849501392886
ck_510e7c5df1f95d90,0.9954940133188378
ck_948517bad569b40f,0.051373451316572144
ck_b16a7c51b6f7a6b1,0.06090177392001068
ck_b53ea8713d32ca7c,0.027297092745424214
ck_11bf1039f8b3025b,0.004092587078130468
ck_4b088920f3a844c1,0.03147186904947079
ck_c2015a1200971fe9,0.02368288650605058
ck_f5a32e6160b28379,0.004008824786735422
ck_b0b5bf9254700402,0.023222519952998517
ck_eeca179341d56f8a,0.7460101163296194
ck_d94dfde9e03c9d1a,0.010780406194653919
ck_938ce30c864bc7df,0.001335834805472218
ck_66d38518f68e6194,0.002453207092129974
ck_115d86fabde77b65,0.0013629050759045506
ck_9e109edd124492a5,0.00499555915372875
ck_f29471fe7c818d6a,0.006708570233421036
ck_a27bc31eecd9cb9a,0.013607493711096996
ck_ed4427962c68918c,0.9455743754074243
ck_7b55d9bb1a250d4f,0.03950241895434722
ck_461e3f7b97db8d16,0.02918836252368869
ck_2ee84f3fa27f2cb8,0.00325027757935359
ck_bdee7c86f5ebe81f,0.016628137153186062
ck_719602def4d35fe0,0.026363705216229463
ck_87c26b2f41025109,0.9946332263718574
ck_c7baebe4549fdbb4,0.0558902664125858
ck_6f847263379f2e43,0.10038197821367935
ck_95391029a21caa24,0.010957124690925382
ck_97402a153348e68f,0.012769236848455313
ck_f1acf73363925958,0.014585797316755335
ck_041614694b77e599,0.008277669177712934
ck_a7b57882ab66b111,0.0020267955849635685
ck_71a0d645744302a3,0.010863534331261068
ck_bfc453eabb472f91,0.0019467697468213455
ck_c33a762d98f9b290,0.005627540710607003
ck_9e75c6641939f4fc,0.02388549340923179
ck_d17653a4a2d4a79e,0.03348268281507196
ck_df20cc23b8fb8e22,0.011044618349248683
ck_62720b81617896cc,0.00479100868671846
ck_d6d2c1f6dfc455b6,0.5615809311139032
ck_a0b4209feb31f5c0,0.9951280159890873
ck_779cc0f2de4d5488,0.20744564336476456
ck_3152c7115257f084,0.022168320707906624
ck_a28d6b1601b472a6,0.03621332376013492
ck_761989aa4c47d746,0.036148237159142595
ck_97e3b04a1350f6e4,0.027536871215441478
ck_397d5fcc9972f909,0.020629194180995136
ck_bae8dae7cfd8baba,0.002381051950918687
ck_04e32ee9834c088d,0.5472340167887068
ck_bba0ccc6cd968680,0.03742516012441637
ck_1b34c420a4c85a95,0.00997165436217701
ck_a1201284122c141f,0.028025555697983748
ck_5ac335f02280271e,0.022846721510809978
ck_dd882323474431d4,0.04630986509597259
ck_f9604adde929beff,0.0016265086886942792
ck_44211dc210139ed3,0.0145276875334007
ck_e5e5dc431bed6f9d,0.007351544047061452
ck_17d3022ca12eacd7,0.008866396837356176
ck_209f574c8d92274e,0.01629585791520986
ck_9fcde1ff46cbbea5,0.00040159218343003764
ck_58fd684aa5a6f289,0.0003647550612611457
ck_e96a5e1f08f8a867,0.0032697300885321115
ck_90456160115f9ef4,0.0029926021617372976
ck_70a60e095e9b706f,0.0018900395306931396
ck_2d46291975f0dd08,0.00300184084396845
ck_f2734417c0db4ee3,0.0009588240179580828
ck_651e076ee43aea85,0.0024922026756125774
ck_74d602c907ee9119,0.004910367475065837
ck_4c99a6eadea143e2,0.025243667945318876
ck_8395f004cf4d4c08,0.001979048335788421
ck_3938e92585df2b34,0.020785966642936433
ck_bc32655ee5ed643e,0.01167748747537537
ck_ced9163ea85589ea,0.11963199955395777
ck_9111e3a04b14dfba,0.025419786784455303
ck_791be3378dd7d64c,0.02111560631390318
ck_7cb0c9ded4d63027,0.04164383708255335
ck_0db62d5f7f75f80f,0.011373932163342615
ck_1723900ab9afe374,0.06696734268819407
ck_54459b45d2be8459,0.0010948733899537426
ck_a0543e9b3abe1001,0.09484918116159352
ck_08dba09fd7dab896,0.025036329286420196
ck_b9eaf03453ac7d5f,0.007103928535298208
ck_298922703c5bbe05,0.043956170388858226
ck_e662b14b2bab23a2,0.14017566995357494
ck_4a691892d9d6cf89,0.012121571385119927
ck_056d5f0301c30902,0.0626312279926709
ck_7cdce37d895eefb8,0.021307697924360252
ck_c0b8067c144ed6c1,0.015316046750204875
ck_856ea65fa27d06dd,0.03252901133564601
ck_55d0c7012d7ef236,0.029908469432333527
ck_9bedf54df9418e4a,0.004982959462012824
ck_00f9ca84d1d8ae7a,0.0010887306456685134
ck_420d1a9c604293ce,0.02013298239822784
ck_9874ad160efddf50,0.006083933074963095
ck_f4f6f0caaab70040,0.0024306102392370205
ck_a26704b5b26258b7,0.01768906921180471
ck_edccb5a93b741744,0.008526575659081347
ck_a5f7b6fed6df2aba,0.04302621682846917
ck_ced6b6dcdc7c201a,0.009385359846504073
ck_77549c1a41f837c3,0.01953923122815146
ck_aa5f3ab48c17fed8,0.11120688298536434
ck_2a5a4c18c2c7274b,0.0050089918681633615
ck_e05d44e46c7174e6,0.006603557069569698
ck_0084d8ab6b1044f3,0.0021953172109143984
ck_42633573639a3f02,0.9765015661846597
ck_0fc1086e1c9e04b6,0.00486828358409126
ck_0e6bebf8ae9b9b03,0.0157426741127024
ck_f158d9e5f101bb35,0.029603014574428183
ck_e107537a4cb738f4,0.00314604378729397
ck_ce1b06623e4a815e,0.004098324812571254
ck_2f4f94827984c426,0.001118058995749968
ck_e8ea56e122a5a487,0.05093318596379533
ck_2d7394afd61643d0,0.01110050119702605
ck_8dacf3a2061ca17d,0.010514607766819818
ck_315fb710a0e371e7,0.0008962639511684394
ck_cdd7c77823c2257f,0.054848190005177384
ck_e9287b6d909d731f,0.0024727272292233296
ck_d12d2924d0f7a64a,0.00811374544021211
ck_0dda35c0c64c7073,0.979488912434126
ck_d1ed88ea4211ba4d,0.0018605388542346647
ck_2103399bdb2898a6,0.007549997612179552
ck_1a524b5cc8da71b3,0.1001648751855484
ck_58e5359efc52e0ad,0.0035713076039254207
ck_3caec7dd6f8d02c9,0.042468998163293414
ck_3eb73e56751c704d,0.040210720448527845
ck_37d47cf0f34574a2,0.0033520345091111116
ck_66d0c6d6b67a8d58,0.003818087561457055
ck_98149ed45d38c4d3,0.02476252388939754
ck_00480407160e0743,0.007827307152888988
ck_d1ea4bcc407c7d5e,0.006410798555388046
ck_ac2f7397801036ef,0.01375622700559911
ck_799aaf9f2b9ef621,0.01602371928568312
ck_93c4e05699b3b7d0,0.014563167932491378
ck_66accecabf3901c0,0.018253998726007293
ck_f0c4aac04076a6dc,0.01731449655795523
ck_e3cb5f31d8e94448,0.941551696522048
ck_e541967c681cb929,0.0360501710951686
ck_8aec3d3dd51517c2,0.007060287135603806
ck_23edb6d938a3b87b,0.003960814974006041
ck_740e760fdcd27835,0.0018886269229762354
ck_fc40a16adfced018,0.0028599338913735243
ck_7f0cd6ea3096f985,0.0038958595290473977
ck_347386629d96c664,0.015896394691857562
ck_2366b29ed9887a5e,0.003806110988857118
ck_187317383400491d,0.006700104482902439
ck_dcbab304b55a42c7,0.006249286091498396
ck_ddcac1ab765ff61a,0.024975260518868114
ck_f39cfeb277ef6528,0.0008411705421565029
ck_d69455220b21dc9b,0.00558439940317405
ck_b4703ee97f94d7fb,0.0010108257677759712
ck_0e0bab173622db9b,0.2865964910117395
ck_d6fe761ed0db3270,0.024831638751873334
ck_590716322ff147ae,0.018919941236513253
ck_494954023f0eb309,0.03450498941444462
ck_95e444a01e2ab4a5,0.02385160102237075
ck_0f909705e2e60f2f,0.003027915191015687
ck_6d03a542922b2ae8,0.01840193379338748
ck_b0ef193195a2138b,0.003197003270460038
ck_7b1660e942436e12,0.01726618246880921
ck_50ede3eb561a202c,0.03996580822605942
ck_4c4a939154446053,0.005661271207169444
ck_504a45ee08db72b6,0.009484885872763813
ck_f143641bf3dd0414,0.03730029338889204
ck_b7bd3a7f263f4f29,0.027589306414015684
ck_bd23cf9bba1dd33f,0.049199522945405576
ck_e5f5cb7dd6ce4a37,0.014820081691672737
ck_1658429acd5306ba,0.023629845210911302
ck_db1fa53d588bf99e,0.007726185711829903
ck_edcfa9e1cf29d813,0.03717862159283488
ck_b7c37d410b1646c2,0.03025497647527686
ck_73cab88b29c7845d,0.024472740573625317
ck_f42a43e4c3f34ccd,0.00215654508386981
ck_0d0a1a021efea5b6,0.012200126495320054
ck_f8f6a03613b6dda8,0.002370314304573811
ck_60557f077abc42ca,0.14868747234681914
ck_d75f25184ece2b51,0.028549417059463282
ck_bb1a981306b750ac,0.12392097394237664
ck_7e561caa5fa1f3f1,0.013858690282615133
ck_e424148c6f2223df,0.004599495356805243
ck_4937cfa6526ea138,0.022393293600757674
ck_a72d6df666e1c21c,0.013875958482275623
ck_245f5d62ead5ef28,0.008726426466690244
ck_059806c52cebe4f1,0.28473427099685283
ck_547090bf35a3b243,0.012805414755995965
ck_19988702ccd79201,0.010924441831082213
ck_90b4ac695b9c6bf7,0.005470826993737437
ck_66267bbad1f1415f,0.9931922816628003
ck_ff6a6d3547dd2d37,0.02249064814607467
ck_03129b41457795d2,0.011377884153668336
ck_a892252e4e0c2828,0.006423716271003924
ck_b3905153b9eee924,0.00903602736968539
ck_e934f984bad2ff91,0.5130102355089549
ck_8d2afe17c0082e6a,0.01579813667013608
ck_ea9edf9c107d429f,0.016020921923990863
ck_61fff5fdaadd394b,0.004919063030014416
ck_3edaa94d28cd48ea,0.0006402628865696847
ck_f66f06e24ff32671,0.013529075876845445
ck_7cf562578c7f158a,0.013358281113490241
ck_66949171b387bb93,0.013511460540886451
ck_87d70f5fe48a6128,0.02420369515580121
ck_3ad3fd3cceb56b66,0.947382329798764
ck_d229dfa0e4442628,0.003364688040850202
ck_4732da7e0d2dfc7c,0.0071637297777695785
ck_2209de229b4c71c5,0.027907135147731542
ck_4ed711fe4053e74d,0.1737669215290409
ck_c78b2638fadd91ab,0.014604895891426134
ck_8bb6b0a292754576,0.2724497408095541
ck_0b615ed566da1f58,0.013223630547246543
ck_d2b3ce1ebabe9f93,0.021141843398705115
ck_d3b2b250da61db19,0.9015549801536284
ck_4ffe0366df388604,0.008996503659611552
ck_d2d4a8f4a9f2c33f,0.0056833779619489015
ck_b378b8d8100ee4b1,0.021914837951433466
ck_20a17e8f206a14c8,0.04460858180072222
ck_9ed53de6ef779ae0,0.0032164641377713634
ck_3f16e2cd7e6874cc,0.011124116257205939
ck_ef33c04f4c9e3758,0.03201124314079376
ck_8fd91a3c99e19097,0.006492281902149418
ck_0c6e7bd357e4a348,0.0016204540324084506
ck_95654593cdebd141,0.0009735343415741285
ck_9822f8ed05335741,0.028342353202111717
ck_11c7667920541587,0.0035978780143733004
ck_ec3715add8bbb6e9,0.0037198862407633805
ck_f09f9d0e0886e0c6,0.007106229562076872
ck_12107dacc6d05bd1,0.0010653923001026327
ck_23a016cf6b98d89c,0.027609076439539543
ck_0e719b3a6906b8f1,0.0006095150020599386
ck_7137eeb394d200f1,0.05177123605419928
ck_8026e017909aaa6c,0.011620874245524689
ck_ce36b0c287bd198e,0.03472462213729869
ck_926b81c0ba528eee,0.005350490062423643
ck_6b93bd8abf87b1d6,0.9581800683973414
ck_73762038c7ff2f6f,0.002107880677256519
ck_abd10fbcbaf2b038,0.011051966914762979
ck_7ebc5fa7f0d3b8f2,0.008035484480198604
ck_fe33eb743d714c03,0.025698740105033004
ck_17cc7b411f448e66,0.03325164650037101
ck_5debd55f361b2ddf,0.004180211401881996
ck_350bf14e90b503f5,0.008162582016472804
ck_469c17407d17b706,0.019637806938249795
ck_004de16f7d8a42ae,0.011362578912622049
ck_27fd85b1e38b675a,0.0014050837025945308
ck_05f79ddd8eefaa56,0.005985638404835309
ck_3a57a13ce032a6fe,0.002489824484910176
ck_c965fd6bec0f0ecd,0.03226985460602945
ck_a721f0d635fad68a,0.008612378626633384
ck_c29489366c01fe65,0.9563558216804479
ck_781b8288e54ba8f8,0.15997840609026
ck_c9eb4df91ff07f2c,0.024920823391294554
ck_8a5a57858e8c77f3,0.01953901742003679
ck_76d010aa02eb477a,0.0017234575475811075
ck_7a50abd42298133b,0.009992920129404793
ck_1d2b80ab6c4944b9,0.004949441103855047
ck_4e39e3b165edab58,0.9572706553057608
ck_e0ccfa0d689339be,0.00644983398717322
ck_89790ff26c844bc6,0.005516488959945302
ck_94e8142728e44380,0.031509665982046166
ck_e3a22799716df39d,0.017613260946906985
ck_5217b55593a332ca,0.13197394640856006
ck_c1c9d3842d758420,0.16271765789623305
ck_dd34f0a844fb115d,0.17909536851001812
ck_24cd0d779e866287,0.0018962976163193802
ck_59f46321ecf6d306,0.019170948431815788
ck_e7c212f16d6df272,0.007089017741299238
ck_c69ef0f3e7d6acf9,0.01332062875101176
ck_6c1dbee7e8fdd5c8,0.0037147641142374513
ck_2ad0ecbacd5acf8e,0.9300486658791892
ck_d67d9dfb60b286b9,0.002676071263537017
ck_b35d803568f82d9a,0.02747272757490626
ck_af39767cf583905b,0.00595048954135511
ck_4450b55f462ae134,0.0044769149051852725
ck_545b71eb4fa594b5,0.003536637896292661
ck_c0422e638a9c6046,0.02751206446114941
ck_cd7dcc884e283746,0.056065864313408605
ck_d6ea026357ec6477,0.015185100831982608
ck_e30e17db5473c7b2,0.0005839137620349823
ck_5567779d6ba184eb,0.02534712602831535
ck_fca2798914627dc8,0.11483456919693273
ck_fff9fdc2adf5100b,0.8501493204643003
ck_0c45e54897ab34e2,0.04211558688197766
ck_507a6a580ab55c76,0.04924769275996254
ck_332ad134fb909869,0.014305216344193926
ck_ca60d61cd4dc3bea,0.003271314274651057
ck_59735f4ab2ad3da5,0.016992737817397997
ck_ab9ea095a5c58b4b,0.021594966555948465
ck_ca0cc8ea9f344408,0.008068970876833361
ck_8e139f8925ef7968,0.0071632078099250675
ck_9dfb2ae78659240a,0.00945346206607237
ck_90f6f5ced708aa75,0.0008389070251684256
ck_4280c33af57eb4f4,0.00407185213515516
ck_5ac86682385c86b8,0.007413237350701685
ck_1bfa8abdb22be8f0,0.03618695051590715
ck_65491367584c730c,0.009513424117847186
ck_3d7db96995745472,0.016670144841898275
ck_a1c39df50a5873b3,0.03770593278060617
ck_ff7c26a62bda8089,0.0022062439708970126
ck_09b0d8af304646bd,0.0006814845897865955
ck_3c25029e40aa8a84,0.004923281396843755
ck_765aaf42c5088545,0.005719046352511859
ck_e0f845159b6e6a4a,0.01580159587780518
ck_272ae2179bbd8e58,0.01207334090478054
ck_c0ce85fb4109567d,0.02182314194618899
ck_515379973a8044b8,0.00666466390295678
ck_b5c3075c811a2216,0.01800226512141947
ck_713159c5c6a7a4d0,0.9943836727316643
ck_5b3ba20c8bb1383b,0.011538543805309302
ck_67cdcdda3033842d,0.02277362028896875
ck_647ac26c5900f082,0.007071887064698269
ck_46d51648c1bf80e5,0.14363933767789444
ck_40b4e264d1a12b83,0.7589047100202547
ck_620d7ae27af83cea,0.007759826982317895
ck_b9e5b318ee4de68d,0.0042624686046002684
ck_cd691e3466fb3742,0.008032111341904746
ck_7190177963eafdd9,0.029061530025557725
ck_362ce13eec1e33a0,0.007222079166412697
ck_646e270e0195bf05,0.002958967026609624
ck_472e0be7a3b533bb,0.015582442997059937
ck_0dae4a7eb587f3ba,0.0232657233113291
ck_e6e7257377c37b28,0.06350910898213338
ck_b7f5d10b427346ad,0.004960119607296387
ck_3365a0ad1a8aa83c,0.006396551808294447
ck_7a43ef9c7b1c67b5,0.0034875097683070865
ck_7456df89f3792235,0.0038836092647027438
ck_5014a3b07e1f049f,0.42412296346323053
ck_9b12fb56529ebc4e,0.024956782466865415
ck_002eb6552b504ea1,0.005268667491752975
ck_170f4688e0acd875,0.10972620252001701
ck_ccc83cf66365357b,0.03654456989291936
ck_4719112b55d20161,0.014274350321957523
ck_a02aeec1914c158a,0.008825371870172903
ck_ad4a4daa826ac68b,0.024173996486727918
ck_0d40961e47797027,0.008814963944323795
ck_114c32aad4b6183f,0.04365267718634343
ck_6ee939b7f396975f,0.009472100457464881
ck_202f0c14b07ace01,0.044799354806341896
ck_09fd43f1b7e2eca2,0.0026454392576465775
ck_189b6fbe9b9192e7,0.010443922202836544
ck_1383b2b1875000f2,0.012468034347267561
ck_00bd7803f2530c68,0.006521856354025564
ck_4085cd3bf2661518,0.0119147631051527
ck_79323eb5d2e5efae,0.0021251885683676495
ck_7d1661a34164406e,0.9957954974432792
ck_ec30b61cbf517db8,0.0025531827111816285
ck_ef346071f0b7654b,0.011545191791499484
ck_4c2f2eb657c2c60e,0.003968670491117811
ck_832d39c590a3ca75,0.8891371145745582
ck_7cc5e0fa3ca5a713,0.002941503474857981
ck_08b4619490e751a8,0.9131875196899962
ck_e0b3158111370118,0.03492219513949311
ck_2685f38930866af0,0.04690152625635164
ck_cd6fbd4e8724f994,0.03021591842329264
ck_33160c443d4b3f19,0.018341691861997474
ck_2a2c336a69b8d68d,0.02987309464369135
ck_805ee564bd35ef15,0.04458115063717148
ck_08a0355d1f1890ef,0.019754040883219005
ck_15fe2a47fa7e92ea,0.003902946407943565
ck_85ca825f905a34a1,0.028448276868229226
ck_b6527a85fd682554,0.012286632987031263
ck_9dfaca4c7c80b10d,0.06608010199617954
ck_ffb4d892c5158201,0.002261877055201666
ck_a544e766540861fc,0.008129498261131136
ck_354909fecf5da8cf,0.02517304378315769
ck_fc5ea49518e5d637,0.005584097253274995
ck_7c12de74de30b788,0.4557624999932211
ck_7f9a748110d70005,0.004325345741717285
ck_732f725747393ec8,0.03740800679102142
ck_2452a30397dfc54c,0.00586042221693156
ck_08fb463e69f647c8,0.9939804505347359
ck_49df70f908dfd069,0.0342041190752026
ck_7af748a23775bd54,0.06642201674586236
ck_5010ffb1c94187b5,0.0010358704492764528
ck_68250033717cd59e,0.007888792010044747
ck_83dde7da2bf647ac,0.001670404506135207
ck_8bbb625384edebd7,0.0016982144373404468
ck_5eaeb87bf6207406,0.8674275061306937
ck_0a7adc2f27f98510,0.03280476312751914
ck_c3719a30414bbb4d,0.007415424169511394
ck_580f136ced341298,0.004975888192418358
ck_70d69e5d1bb99e85,0.02771261953618762
ck_c3476080516db25d,0.011250678885482295
ck_d4e0b2a12fcfc35e,0.009181439041975704
ck_2ca91214c357c072,0.18218634318538213
ck_c3ba7534cefc1de8,0.006855897549254514
ck_e967ff05514b697b,0.03700530699134388
ck_2d3d7d64a6f443f8,0.010867574159794176
ck_9ccc030ba2de9fb2,0.027334957567764835
ck_387e5a7f163c7837,0.017110746522363513
ck_d51df5e9fbbbcc94,0.060493267421786893
ck_15254db133b28371,0.003837792916890278
ck_5ac959cbcc5e98f3,0.0018212380029941464
ck_619842688294dabc,0.0036391763846858
ck_179ed66cdfc1ce27,0.004298655642953332
ck_3a70b4ee59084715,0.0065391069687114
ck_c1dd3feb9a0b6471,0.0056182665484623955
ck_235ce9603c7dccbf,0.07148058621310627
ck_edf1096809e83ef8,0.0035806822647501428
ck_83c2c34add971d76,0.003085924516593021
ck_0a4e191cd0a57ce1,0.00344223849789058
ck_472c81a144f4631b,0.001476773581507266
ck_81818169208a8cda,0.02638477564538641
ck_06aee5a62a67a84c,0.07117192326637937
ck_754cd7b4a5ae3f94,0.017985634241011413
ck_3428910b44b9d08f,0.024633431618044144
ck_a9d2bb4f2bde7052,0.0032520885266014393
ck_6482ed4491bedcaf,0.012442962383785798
ck_966d4d713cbc7792,0.002923481304310827
ck_1c8c969667cbaab2,0.5624873628566028
ck_94295287a04c85d2,0.18989857480016464
ck_466103ec5bd9444b,0.008730369467049349
ck_3c0031d7514da17b,0.010062304039755445
ck_9757163e25262b74,0.023825607805684053
ck_c8ad3f01319c065e,0.0323482781789586
ck_d35e3aa9ef5d405e,0.21817780977024956
ck_3397c7856b4669a5,0.0011049780141096249
ck_1745847cd4e5dc83,0.019911612764004466
ck_4b84357ae8ec7777,0.008576859138021012
ck_bd771efb4a7e15d0,0.003023933347695524
ck_764d40f865e710af,0.015374666360912144
ck_021c6a4a7e3f1f0e,0.0016713390646119024
ck_123d75ffb75b606d,0.005398163493336697
ck_b48cd8593533fc1d,0.8348836173835487
ck_c7b17f7b24bef5d7,0.021688366972063503
ck_b11e22e75d9b99de,0.002193507757623429
ck_c7550723b90e5615,0.002679630786831853
ck_4dfd8947f540eb24,0.00799421278210342
ck_731943c682c9394e,0.023962353166461076
ck_7db098a17374bbf8,0.971217934197129
ck_7f3132d6be389657,0.07262683135011941
ck_95458880a54df0b1,0.12547072733049489
ck_4c6ea04ce8ca9e2c,0.010376311652292037
ck_8777beb11aabd66d,0.008994242541229566
ck_60c3d8306527a08d,0.0019774449696014058
ck_cf8ecabbc61d3e11,0.019369634611990903
ck_5189a302cfa7cefd,0.0013596916203263134
ck_77f293d44b4a3d2e,0.037400457095331525
ck_bed50fc64fbbf8ec,0.007111059152643035
ck_929bcae878a3ecb3,0.43795570013324764
ck_f7c6c26ef3c4ae06,0.011796784532571249
ck_59a9e000fa275e1f,0.017692787557811278
ck_3ed9e081959b2f5c,0.022879454683142623
ck_57f17254e2688637,0.01599219102844292
ck_52dec82e9cf6135a,0.00962978430098021
ck_d91ab840848a54fc,0.0040279776273710035
ck_c886adec7bac250a,0.08513594217362154
ck_63d4f5076fe4406e,0.0024274672352156816
ck_ac0ea27e692acdc9,0.026084419613047097
ck_ba845332b730b596,0.002758878948769418
ck_7e9a8924eab779e6,0.983850406188269
ck_38abb60995114f8f,0.044289079305544536
ck_323b9cc5c49f8ea0,0.06962728143010986
ck_c530235393360e3b,0.014024842072414313
ck_1355db6f4010232a,0.009849385042231654
ck_1cec1ed1512a2d3d,0.0020769373893386425
ck_5c0fe988b8aa7fcb,0.09886018445306581
ck_79e202f06d8dfe42,0.02979993661180783
ck_e137400825a1e3e6,0.018566469045562528
ck_fefc49a2b8ad993e,0.00958735742246844
ck_7510b1023cd08531,0.009243167815045108
ck_b95fbf2b5640aa82,0.011696004712125369
ck_f4536ba8dd2d551d,0.008171289327758586
ck_9dde2c63acda3ba3,0.012964874728916335
ck_59472d17debedafc,0.02098503705166998
ck_b0fa8b84e94d8ae0,0.01138184088710577
ck_5b52ee0a13c71590,0.0038259583822223505
ck_ad3c4be96599554a,0.004378998157139728
ck_458531c22ec2f9b3,0.005918478805513221
ck_b379c198d6db2d62,0.017323252611341954
ck_ed9c56fdb9f45ddc,0.3434409695196693
ck_b3ab3c210e2c7c19,0.017515100866503562
ck_98b34f2d704c1c2a,0.039882701181263906
ck_6def9d0429e4ed4b,0.015623523600696422
ck_ac68d707006c12a8,0.008889910929192594
ck_829cbf5ccda481ae,0.005408393004104635
ck_43ea894480567274,0.017889722695576114
ck_5e36042cfad96c99,0.21519008284205543
ck_891eaedae139828e,0.016504262267984453
ck_68ba25dc3385fea1,0.018252826083907037
ck_4a522ca2dc4831a0,0.0007479097009634457
ck_a152165caf295b51,0.016042363510674906
ck_31c54d540b128843,0.004176937168471484
ck_cc447fcc24a0772b,0.2643434608835211
ck_8a16eb584093b12f,0.0014146795207581936
ck_259271c70f3fbcbe,0.022090898316708782
ck_bd86132499defcd0,0.01147682418025081
ck_7a4e3d553e8ab5b7,0.2958101580179648
ck_8ee08f6777cc155b,0.023405788927789394
ck_604c710141327a81,0.00305388428633874
ck_3f1287e6c27de0dc,0.008306590290129768
ck_ae91b4cff57fb3bf,0.016872892194699073
ck_8d5fa65717d2e0c6,0.039700874632679496
ck_c0b744eb9e7d4eb7,0.012613912399728923
ck_90114c891239d821,0.0011542539633638282
ck_85de63d278f0fbae,0.0020128982115222033
ck_3d41faeb96802f68,0.003497192077949545
ck_2cd21137a07fdd7d,0.0039645983650210825
ck_168e7ea341a36b80,0.006723876714766274
ck_db23a0e3e54be60c,0.8617655733077283
ck_a958b2461ffc21a2,0.10887941808428887
ck_0b3c3bea0e0ed339,0.008872364625424945
ck_be5df076b8a86409,0.001794313943216701
ck_2d1548f1ee405cc9,0.02181202079053398
ck_7176bbc97b1e42a1,0.002103833208214
ck_ad9e2088a33c8c72,0.00034801469764843854
ck_324b9939d9c1c31e,0.0007668999333615847
ck_dfc8f5c141fd7c63,0.02030559339723942
ck_16fc77b2bcf5ec03,0.9720682125037615
ck_4f521611ae14ae66,0.0032095294250172857
ck_a7fcf7b592f68ca1,0.014454284646343568
ck_8311cb6755b2016c,0.004342701710792411
ck_724085c3452d4693,0.18993005713779298
ck_a0db4ccca08030c3,0.7564062711632297
ck_de39c1947fb675ee,0.023628304935289293
ck_96a9221a87be93c3,0.03956399970831849
ck_98217aeafa0bfefd,0.015947889084823672
ck_f4a7ac178fd55f0e,0.00298537201031575
ck_5d818522cbfe2a54,0.034504694108382285
ck_874eca6776b34dec,0.0026646143903307096
ck_7262b4e0c29c942d,0.005941743061455219
ck_20cd2f5666719baa,0.0015563766025272082
ck_d7ad9921a4d25926,0.028967953801224376
ck_d56ee1654378ffc7,0.01654263040454823
ck_2c7667f64edec2b5,0.003105201446868804
ck_78730527f8ba1438,0.1515261331170073
ck_794ba5921cef50c9,0.02150824562548819
ck_b8cdd6d6dccc4554,0.0011584004596766236
ck_12cbb211ebd2b437,0.06759193130502263
ck_85cb5033fca7c846,0.022967106833049488
ck_1e51199a075ca0fa,0.002100723149537054
ck_e0f3ea3373dfc4aa,0.014483009812960936
ck_40799e129fcf42c5,0.14633735770836792
ck_5d4ed73b9efd7d11,0.008987022341287136
ck_243b1b9fdd3f9a74,0.0016779408627286484
ck_9d64187c0800f84e,0.012615351591073161
ck_01eb24c18ad11fca,0.08905627623969449
ck_a0e46b67e986ab56,0.0099530371265821
ck_cff18e2d8c520272,0.002020831815046441
ck_6a27c44b691dbfac,0.00237694365397179
ck_e6ffd0754ac08661,0.0020997923206419857
ck_a7acd5b015823793,0.012713189734214035
ck_c3f360c2d0ea0a37,0.011861926410547287
ck_38da3bf629458682,0.0038598127685898842
ck_9a0b605e9c3220c4,0.014260342601258916
ck_e980d325b8dbb8dd,0.0013593909780110795
ck_75b69034000ca7bb,0.04220336933498632
ck_d451d24c780b5884,0.005474709780224691
ck_2e824b0b27494a17,0.03632718847052467
ck_23caafc2cd34242c,0.005355560331907849
ck_ffe2aa26f597e552,0.016904299659796344
ck_eed7f1f7548df15b,0.00905013532347144
ck_eeb75f8a6439f65e,0.030722873839673794
ck_2e481d75d110c06d,0.03856804289883686
ck_192579ecdca7ff83,0.011935018659134752
ck_869b1878d09d230d,0.35295629253281285
ck_323a71f9452d21cb,0.43772779587905447
ck_5e68ea2c5e893cf0,0.014452327479468856
ck_be52a7ec43241ba4,0.024196229130547423
ck_77b56c49cfdb1d81,0.0707588684689818
ck_15e0b679931f7a8d,0.012614451873752753
ck_93776b0c113f41f0,0.10180921408521719
ck_1f2760764afa45e8,0.004092337272328614
ck_3fa1a523d77cd619,0.011154193387476604
ck_0e13c4f73818149b,0.018525697109693307
ck_59be61b53d971611,0.004224357433709502
ck_87eb43e3b9d96169,0.08950751434962988
ck_9b7167da0920c37b,0.03989312787234969
ck_6cd8e0196365c474,0.0058143051826006825
ck_9951bd806c13c7fd,0.017788219733166424
ck_c6d2e11a368184e6,0.003222010334128243
ck_c646cdead6fb79d0,0.009008421260503474
ck_abaf371ec8249c4a,0.04358174412763799
ck_ccb3767c239018c1,0.004965015483805079
ck_e5d1462846154a75,0.0463026264563402
ck_939fede90473e412,0.0013719868474838745
ck_bc89644ae3688995,0.008224401979106368
ck_71c917295020ccc7,0.005273009820820967
ck_1d58f6caaa4d012c,0.012341232209088707
ck_609c249edd88c565,0.005619636523687118
ck_b1496c474c4a3239,0.002354284100192899
ck_00a07fc2a9183c3a,0.003489133548989654
ck_2122f201e65f76ee,0.005803650775099604
ck_a5051eafe8b51224,0.010440620948781456
ck_129e39ddfde92eeb,0.0011941058085826485
ck_102db9615e722c9e,0.0471363911073913
ck_b6a2bdb2d335e1d0,0.9930191453876117
ck_c4cca8278bdad9b9,0.0007244161289531589
ck_212525e2828a6c45,0.006824458396740596
ck_84ad096a46e1a960,0.04056253379964381
ck_1294f7af22fade11,0.11461795292674803
ck_0d33977c3de8cfaf,0.9918760555590356
ck_5c47b49c26cce286,0.029732525875922483
ck_f558fe02bb0219b8,0.0068174663975859974
ck_c09c914e416edd08,0.014180361553952622
ck_f8b3cdffef535330,0.09673746207805041
ck_46a8db16ad00b749,0.03150310899598091
ck_310f73940fc4cf4f,0.019665124956484842
ck_3d7fa32dfb9fc692,0.08953011807742414
ck_fe8e5a6c880ceb4e,0.006968002296469853
ck_7176d12b18f2cc0e,0.009513522946779
ck_61d244b2cde483af,0.00818595733828114
ck_3865b7525b910893,0.031218175864177595
ck_efd7b9e22c6317d6,0.0137829660835
ck_5e418a7c04437b4a,0.03454950705632164
ck_2db3fb565e0211ee,0.00118215228784723
ck_1071d14c46c92379,0.409886122848342
ck_1d7cd5dcbcdafd7b,0.28728589103484253
ck_dca9dc465f759db4,0.006128218576339622
ck_0d4dfd93086e7330,0.0095269509928082
ck_16077934338472bf,0.0009443842730341595
ck_5249b223000915ec,0.049275723278362785
ck_125c5a720ecb177a,0.044339452307369055
ck_62337eccb1672737,0.011405383153814256
ck_13376c59b5bd6943,0.002214522039174982
ck_399e45e5fe9beaee,0.034200587797112596
ck_946afc2943298d26,0.00748609380327228
ck_a6e8e8f535b1f1d1,0.026604553144962326
ck_7c0fdfbb447cdc04,0.016205174568289005
ck_ce0166addb93bbad,0.0010254922314619473
ck_7d28da4f1dab09ee,0.04032517494141316
ck_0508908697f60ce3,0.14485456205251385
ck_d96eb3cc55f2772f,0.007190807547058038
ck_b4384b6c11766ce7,0.011034752537217215
ck_e5cdbe3aa12c97f6,0.00873486591250797
ck_9f3861940d8d873c,0.1437613791978991
ck_d74a62ab3804a81b,0.010095867749441234
ck_7cffb189f4f514ec,0.9911460969961278
ck_ec8738ec663cd2eb,0.012874223958777733
ck_715966f86d5c913d,0.0032092559166669193
ck_6da9c5912e15d9a8,0.0038275022290636565
ck_c081e1967dcd811f,0.012025766138819387
ck_f9f93d1d41be1468,0.9017406250185039
ck_583d6ca78c97d91e,0.665460840057203
ck_533c4f7400d5ab22,0.32296017869612637
ck_80c0a7f54ff4895d,0.002292863399918624
ck_a60d6b324bae0330,0.019163651542040836
ck_4eb1c12f7d092bac,0.00037870822993569674
ck_5a9d5f9901e37e31,0.01918647307435853
ck_5ee32bc6bb5d1d4c,0.1523137055139367
ck_4684fdd61c6a0fac,0.020039837408107424
ck_510bfbbee37ff436,0.005594299775673362
ck_a964e6b5d8415334,0.44218828519290143
ck_1b708e2a4a0584dd,0.019129032509339613
ck_2369689bd795ee10,0.006987652638746476
ck_e9dcf535f8c289eb,0.061340683798295305
ck_09748dfe4df3d540,0.0029263837228238926
ck_2ce5afbc014763b8,0.06754914273611379
ck_132c16312f37810f,0.009165344056263068
ck_010264ae04f2e902,0.10879817082162913
ck_fec0ff92fd622253,0.011035097001734833
ck_6343e0d3b1c2962b,0.021611109683912492
ck_be51f4e5e6b85768,0.02596769799875084
ck_f2bdcfb4203ffdee,0.0417102292270443
ck_9720a472a3e0140c,0.005398670733323107
ck_9aafc33fba1474cb,0.0037871800518237695
ck_5403c76fe68a08ba,0.4580888009527676
ck_6e606f73a1094afd,0.006934016029541206
ck_ca9d86f65cfdf018,0.022394146457038393
ck_b9f6040eebd1605f,0.05307318559568076
ck_b447badc9138987d,0.0009542614172158905
ck_7fc513033af061af,0.15223574875088436
ck_01c631b38e8a9535,0.01682184912273963
ck_30753ffe481a1b8c,0.40565054907410353
ck_9129c92c12e0c8b4,0.002944397577069461
ck_c401a26725b17177,0.0019593684650847792
ck_117d78ccd5820f36,0.0090392731296612
ck_b5777605668bfca1,0.004687789635255714
ck_0e5385c70c6de025,0.003964347391743917
ck_6a0f8f8fa4a3c2bc,0.013405679091295192
ck_1c65e8d5be3b9c60,0.12196311157703074
ck_432cc19c7eeaa46e,0.014575152510757864
ck_ec7406cb5cbc8f10,0.0022476154053007505
ck_18eb1f9181f95df4,0.0026808117168170683
ck_b837c7dac2a9b931,0.014881510394907625
ck_acb84dc2351eeb76,0.004768721212159086
ck_812cb3a4482cc618,0.018964332225830334
ck_1436f6e11d4008f9,0.010136321866287934
ck_cb83b9f806e90dc6,0.22270008304250588
ck_60ac5e5f375daa38,0.013312343891972719
ck_a7e669cf1c3985aa,0.03311556821534995
ck_675c0ca1ebb1051c,0.0014057297030252674
ck_398f3f4cf05c721b,0.002435870065380001
ck_3364a1d9261b3638,0.008455353777138859
ck_8dbf61df902a6bbc,0.0038587487773112696
ck_25e551a0a8d2fcc2,0.04870605426899855
ck_7831ca5c31fb3859,0.05778492706194003
ck_7989376f8cf64a9d,0.008617126042503294
ck_0027ba644f9ae2cd,0.1535465285808312
ck_02a9104419a6dbaf,0.010735020185818182
ck_f97c477986043755,0.0038680033618313436
ck_4b68b38c1b3326a3,0.00383080327600596
ck_190bc849e5ff5401,0.019728320333664732
ck_a0e96fed380440b2,0.005694450965728893
ck_bd25ea782e375b22,0.017354230109995136
ck_50ed8f4e7ae6710f,0.0044763000739940165
ck_86a2d852a9715432,0.018050984909314043
ck_5954f45a2ab45f43,0.036237277760394614
ck_5fc65c24e0736d5d,0.8996089184172676
ck_51d842e6dae74c71,0.0038791580199389773
ck_b05c4d33c4f43639,0.04189510862787668
ck_538fdbbb3c2bcbbb,0.05127899942906956
ck_735f244b99e3aa8d,0.017797797369807113
ck_5a4eb535c9a11993,0.00909682779844596
ck_706a4f673a9fda3b,0.40864468479458077
ck_b92b11d205af91eb,0.0019673500085637093
ck_84569a8fc50e73ac,0.011286132206297027
ck_a5ecbefa849ae569,0.021183595726688927
ck_40bc6de252865f32,0.0029021720361865773
ck_4666232ddbf77756,0.006671651577916479
ck_aa0b083e2a6813eb,0.017228087176159142
ck_634276b05f4381f8,0.005537078711406941
ck_fbff7b5da8111567,0.006009588072448828
ck_c00e70606904539a,0.0040430811179857735
ck_0e808afe2570ecac,0.01797938616772443
ck_b1495ee5c59a6b28,0.020233818960600506
ck_724e459b9ece38f4,0.056093673579865805
ck_3c08546dd0c92863,0.024061871403395805
ck_aa9b28e7fc43af79,0.6625626244402092
ck_f2f3cf9cd23b2809,0.04328518807767241
ck_19660cec756632ca,0.0038552615153988066
ck_221b5d40358230f4,0.01111339515360842
ck_dcbe6814fc4ca0b4,0.04044376665133691
ck_5f0be7b468a72333,0.007819212578382712
ck_49685deb63e4e8f8,0.011238003515652033
ck_032880f1114dd51c,0.03798898633510753
ck_238e53b6dee8c301,0.004069306375167191
ck_7c7ca54969eed187,0.049528788532575876
ck_a6c740041faf0bd5,0.004237356677526832
ck_2455d43bbdd2bb69,0.006595536067334231
ck_6c54adce174f45f4,0.0038699993247006508
ck_192bbfd0d5720134,0.010157954285475463
ck_85e5494ec20383ae,0.043265643106012684
ck_479a065d5903e9c3,0.0023334049032306976
ck_408efac1d3885ff8,0.025671288547360564
ck_f7e958a286ae3b57,0.006126070033063653
ck_8dd44eead7d765a5,0.016975600486424883
ck_2c4d25acbe3fabd9,0.05930448631272177
ck_621c9ddde6bf2eca,0.01826919270262387
ck_2df4854186ec515b,0.014639201452360178
ck_a15fe7d0f4b65c33,0.3227471623012352
ck_73b729cb161487f2,0.006449817394316767
ck_053746067839696b,0.015393005745998018
ck_0576b00d728bdf19,0.0172982314283039
ck_daaa995f3c2f0e47,0.013011510403507499
ck_a777c813551281fe,0.010204999018761877
ck_c4de808ae69c771f,0.001201207850970003
ck_1d3e561a7d20be0a,0.9886127575794859
ck_4cc11c7d3ca61f73,0.00433474156808593
ck_fd78f8a8663646d7,0.010049377047077028
ck_3b150afde386ecff,0.05170397563578498
ck_9fb11688dcfe1513,0.0037419877084769785
ck_924e572517515f19,0.18697436269572287
ck_eda55c8fb47593d7,0.014622593088100867
ck_e066f71f8b296b7a,0.0071360919973497096
ck_32430e678c4f9f53,0.007403264503247093
ck_7484c214c889fe7f,0.026096681677679968
ck_7bf668e25abeeb05,0.00406143629203803
ck_3925f8565abb7fe4,0.009659822906507335
ck_933789b55361d7c1,0.8184815282679399
ck_04212a9bb9b28696,0.995671542353713
ck_f04938570a154de3,0.0038709145179323585
ck_4ac918e884cff336,0.031966472971199734
ck_666b95e75d99ec4e,0.913256571382125
ck_9b665ef46d785324,0.005198951535333636
ck_de056e37c82e8e00,0.027310089765720753
ck_618c4e5cfae99dcd,0.052238305472088874
ck_3b74512f774a6e5a,0.009220604290227688
ck_1ad36046aaeb816c,0.007533089349783287
ck_2df5a9fc87553eb1,0.002260791812945609
ck_b367449195e36499,0.01957388582712152
ck_1242aa4496576a99,0.0037224637626645206
ck_133d8a1ac7c0e301,0.9921373964025622
ck_b804e784cde9af8b,0.010847656897125933
ck_4b3506b624e5193c,0.01959828298373629
ck_475ea9aa6d3898b7,0.04464943173202903
ck_337b24a474010abb,0.9949430427696903
ck_749e0e50c3907be8,0.001883660411203044
ck_d1157eade2ac3975,0.011116723822252997
ck_c2dccbc1b24b137b,0.04433789990950436
ck_af02e1817cfa40b5,0.09269188638510892
ck_e9a2495dea8675e2,0.014613484975119473
ck_1df4a1781a0f6999,0.017499553740866904
ck_f85155ca5c312c7b,0.007036856685059051
ck_ff090498c4b17ac3,0.005288623827685485
ck_17673a1c2867888a,0.0013163120272933814
ck_cfc2384f22954830,0.04460678563480997
ck_bd2cdd53fca26171,0.00479343602710536
ck_ec1c902b9b9b9c5f,0.27217455363623305
ck_317360ec0a67d27e,0.14855356149340315
ck_3e3ea5d8c4a229dc,0.025797946119138822
ck_546ad962d04b7de4,0.9495098361086006
ck_82f07504ab59ed33,0.04890297313908796
ck_382ebf136f7fa337,0.1588410853099027
ck_ed471e496916ee15,0.002210262532445582
ck_0ec820b670d48098,0.0015452731528271234
ck_0b20bfc515ba42a2,0.013982552524594004
ck_42341cf31c08c981,0.010552747036053961
ck_42dcf92e9e016922,0.041651820283458055
ck_424c254249a109f0,0.02776525815958504
ck_ba576d6d4cb6130b,0.4191452501091146
ck_529fc3170fd11abd,0.03847251435012866
ck_be48f583f79427f7,0.018771691570279914
ck_94fff69584dd3b2a,0.025716524465887125
ck_6babe5b8674ff51f,0.0188013774606362
ck_7e826e233d6ea028,0.0035861875954643872
ck_d55eb81a4d543c59,0.006925362229945933
ck_12e2b5ebfe8986b2,0.0039070576154963885
ck_206f8e3cd72768f3,0.020244641951418275
ck_a2d7a563f520b7ea,0.004613736394303852
ck_47cad6c3def4c9e4,0.004862451101291254
ck_46bc797b4d07d607,0.0015421636842287544
ck_bda299466bb2136e,0.0321288905271374
ck_77fce5f86f00b8f4,0.24877212308100002
ck_25822068c86c856f,0.0010535737401029868
ck_9191579254663f5d,0.0014743924652334706
ck_311d395fa9b8550a,0.016703398819306433
ck_31e7742f160980ef,0.025516546243619594
ck_f3dcd818db92de7b,0.02432702503950967
ck_150a1108f936e6b0,0.00458064896144658
ck_4c37586080edb7fd,0.0010733668753787173
ck_6f8ae0319c07cafe,0.002834949397211808
ck_fb2a35571ec719d4,0.12730443164922872
ck_e45012f22b7f91d5,0.0015280615792082283
ck_70e6bca473bf6902,0.0010796041836215245
ck_e7501307c0698e5b,0.025254538227483858
ck_e08e9c8ec5f23d8b,0.015185959104654412
ck_72771757dfb7f7a8,0.012817659311189349
ck_fc418f53ce4aa579,0.9057404975199509
ck_c1ab40638f04cb02,0.016032011766102538
ck_f01be92dc78a2dc7,0.011681511806866938
ck_703703bda38fdcf8,0.017985966993939794
ck_a1c78972e4ee4082,0.02791760553316006
ck_255f0e5888ae9e23,0.053201678282778074
ck_3b66196ccf436c35,0.010202161694222651
ck_75fcda73f0b43557,0.011130425703998187
ck_d3e208671cf37f91,0.6595607407003656
ck_233397a8bd40d38d,0.0027431667638333213
ck_01e7960c63dca3a4,0.9321743709900483
ck_d932f98bf6b83956,0.08210063606266907
ck_abbd1465fc730d78,0.0045677585639438524
ck_7890208951df34f0,0.018183769513836684
ck_be5bd81e3715cb8f,0.8149516734523491
ck_ead68310311690c8,0.46366257331202665
ck_c2bd5a722aa637d9,0.007407654226597113
ck_197f8058cea1fbea,0.0012575502608283683
ck_ab33fb754c818ae3,0.050709816987491545
ck_95fdc264eac72fa0,0.0023180129630321344
ck_02adda6e91e49650,0.04105175450583419
ck_c54643d94d3ce355,0.036356711105165064
ck_9aa45c4e03c8c57a,0.006868607108805214
ck_427b91925952cb40,0.0378932519053111
ck_c4ca1434f3778f1d,0.9969587177732928
ck_89a1a780144d808b,0.0074331204550130816
ck_8bedacc6233c6269,0.015642200558989246
ck_f4f83b1403ebea46,0.02461923755574434
ck_a1fd0ad03ff9b776,0.025168133772776432
ck_c30201ebd003fdc7,0.0050699359044217495
ck_9fe9bdce982b312c,0.028614380052779834
ck_09169f22194fd6aa,0.012960470085303499
ck_976fac1bb3dd8c58,0.022766923131522742
ck_bac5233623b25ca4,0.0074275430491298165
ck_9f83fa5a2d3b9049,0.012131952815535255
ck_b2a79dd3df560f14,0.06578165035786801
ck_62b9fb3db284941b,0.006351128291147562
ck_aa075c418ed9fe5a,0.014828608962100826
ck_c6abd5d57b1009d2,0.004246956219406744
ck_0734fd90b2cabd43,0.006777586971347319
ck_bafe82c870356706,0.9775441269983703
ck_e35eb857c61548b2,0.622192260688758
ck_22b587c18363899a,0.011378897030353798
ck_aa295a11b0a6ab36,0.00684026075691477
ck_d839798f9520363e,0.17805279308336758
ck_8049f5fce32be185,0.8757010004076192
ck_e2ab04136a442a98,0.01079320887118378
ck_c9d72140b0389216,0.011095710523721209
ck_f234ab47061ba7c0,0.0016359588260423253
ck_31fc51d5a3dfe16a,0.014306402932321553
ck_f517f06551e69507,0.005498733421094199
ck_392cf2cdd515c34d,0.010973058302326468
ck_366616a725afc6bd,0.008348017678296757
ck_e18ac29ea62cb435,0.02629831903679832
ck_170c65860e2a7e23,0.005095859221962806
ck_093e3a7134e11d6b,0.009422957812420196
ck_d111c98b36bdb791,0.0033869587755846124
ck_1ebd574406235957,0.01468677767052539
ck_65519d0fb137e0c5,0.004032208012684748
ck_ddc3fc99eaba2064,0.03740027660961437
ck_1be8cb95d6d9bbf8,0.0011967944776008375
ck_242521e261148fba,0.004396264417440784
ck_110608c3b03d4038,0.3762021588246827
ck_0dd7c5925d28755c,0.010571610472846672
ck_f11be8ce05382cec,0.015069152631561044
ck_129ffae92dc01408,0.002793503760204055
ck_b0b9047dddb1ec84,0.47898540388877286
ck_b4954d16b9749829,0.021354610720562557
ck_66a8325f28be7562,0.004005672491739088
ck_e1b1e7a7e4a15b3e,0.005992768656391383
ck_658b4b54be09a4bc,0.9885677852418622
ck_77f8c5042065d506,0.009091334481881187
ck_b003e5b54df65db4,0.02838456900563075
ck_ce81ff9b8b35562f,0.013718760384198886
ck_d27b872648b71202,0.004275022856791956
ck_3acfec10eec32f9c,0.030985281659658366
ck_813e02e1ababd177,0.013356683679747667
ck_ad9a18f58589faa7,0.004921290774634066
ck_62f5cfe22c952694,0.013839836042905437
ck_a46c1773f01f0be7,0.12847392403868602
ck_405b20ef9ad0ba5f,0.12326138011899933
ck_f948e8a8fdd79b4e,0.011801213463830484
ck_81275d9d4c559e6f,0.0035505455492375157
ck_40e84e6ffe788a4c,0.02507444361265126
ck_17733f75ebdea93e,0.003509338557204042
ck_4a1f0172d3bf4fd3,0.013167776396662447
ck_01ef1036b2e66a4b,0.008137503656405854
ck_084a85145c15ed77,0.009363024166081925
ck_62f46226f244139f,0.02153259067598002
ck_43637d28c7216453,0.0029217636856386764
ck_fcdb4fe2f095fba1,0.13352711814215865
ck_9f85fea4490c00cf,0.023558926503373125
ck_83e5979334345622,0.014773898705499111
ck_231ae0329ebc3220,0.005477669224600803
ck_a49a2c1f881a3560,0.008582896530019314
ck_88ab6d245228c38e,0.0009739537785459024
ck_b62276c3426d680c,0.01690027617208564
ck_def344d68f06d749,0.012481341885584436
ck_8b19bb5b23b6741c,0.015991160796494125
ck_c009c97d5fafbced,0.10167646766606213
ck_9e298cae167f4693,0.002285900118157655
ck_84d62b8196da2452,0.01898950870448232
ck_6f73cdbf9305e2ea,0.0076585911551887475
ck_4c1fdd1669c7cf51,0.004504305629048181
ck_744eade757ba69b5,0.012462025187153421
ck_b0fe4b92fc70f72c,0.0029735710857454103
ck_dd1c490050cd9051,0.014166883715361461
ck_17bf38d51115a8f3,0.003766232964947756
ck_166aa980cc87fa77,0.051597320300804744
ck_f17ed7e0fd687742,0.06404942148336096
ck_26896c494b2768ef,0.010554207570518167
ck_88ef9f85948e1a01,0.001901881278815763
ck_a28d9bb5590d458f,0.03914618450711835
ck_8b8b9de339d75d0b,0.036129941791979245
ck_6715139e240007d9,0.004699180113843392
ck_139b54e6ccbdd7da,0.02270952282462814
ck_66e81a4190c33510,0.00778577845652945
ck_4e862c2f48c38aeb,0.0061567570794925745
ck_1a3ff7620580a514,0.011785938327923781
ck_f33188c232a03526,0.23629923771897657
ck_348c874eaf0354f4,0.060206689601011026
ck_931510e384b1d0cb,0.0033425428441209454
ck_e15252ebd7553422,0.004859661480819565
ck_a3cce46d15cc20a2,0.023615646778362774
ck_0dc1e536231c4860,0.004483618010705814
ck_f92cd37022b0ce21,0.017491083851988935
ck_bb99071e8f58c8a4,0.3459324113859066
ck_06010f0df5b7cef8,0.01045079200609252
ck_ab7cb50407d6b13e,0.040072382920701706
ck_16a06d58d71935bc,0.11655813647154843
ck_68f56f6560a7a933,0.0027931950221830888
ck_a019151ca8e7527a,0.023026555027816288
ck_d1b9e5d32d2d789f,0.005884711070666004
ck_615763afc2e17a7f,0.0011757275085258812
ck_5eff0208c74ec714,0.022844258772455633
ck_7eebd0e6ad6c070e,0.008679370764804592
ck_cd4c63155570d6ea,0.0077699144331261315
ck_c5414d7a8031d4f5,0.002691656562118347
ck_9a88a5a989cb5bc6,0.006169110473342189
ck_541a734fc457246f,0.04775019082809514
ck_861af5a9a9a6d619,0.008859757561230034
ck_2cc1d9b587f6da31,0.13432894154592143
ck_7084ed3cf20781b7,0.031256419511191014
ck_e02f93f51cc8caf3,0.0030595015403444845
ck_9a930faade55b8ea,0.0017068194717548334
ck_0afa4449f20d5196,0.006754761410433417
ck_4d503c41cf4e5034,0.01706579673849587
ck_6ff0fc7487e737e7,0.2523083974822475
ck_b21d8630387cabce,0.005700350906769276
ck_bfd9bfc5b6ab4a54,0.09642604727987297
ck_629537d8b4d0f395,0.004292835056057588
ck_bfb067986660afe3,0.036568614306156114
ck_c1a31690c8573226,0.0078653103297665
ck_94c9a4d382689e82,0.03250210774200705
ck_397c03aa33a57310,0.14394983310401557
ck_4b4a3c5b95c55b43,0.0008863369003708055
ck_40780fc0f8d6f309,0.023552173701399535
ck_72022008a92c9386,0.03353279921073381
ck_0af18b3ce015d294,0.005172552578223255
ck_a481385c2e60dc4a,0.001993105615540525
ck_e49b5e4f2f2e79db,0.26709883782174276
ck_cb88ef3dc1f42225,0.0005345350797393272
ck_a4e2607b4c8021e8,0.0016261567957743385
ck_8aa8b9968233a1ab,0.004620604470138004
ck_cd32e58e8a1c0e85,0.01412191675617102
ck_69b5620e00ef5dec,0.0007302541214601491
ck_0dbefdac0a1868fb,0.0037308594838436197
ck_fdda581aec411010,0.0031146753655388825
ck_35e411b05d22f663,0.02270949946520607
ck_11662cc7940ffc82,0.04236937173663075
ck_4db6d4fd2b49aa81,0.03005835541729559
ck_cd0e76f0e7bb38cc,0.017266026992196995
ck_cf52e46fa54e4540,0.0014722136078107889
ck_337b930fd149a696,0.014052725197979782
ck_86a61d9a39768e87,0.04670159708198315
ck_8424bf65223a5a9e,0.007830515493467308
ck_9625a64406ea16e3,0.006613157744062254
ck_ed0cc1b1c28f9511,0.025769495654741518
ck_9158bdbb63ee8987,0.005110852035000218
ck_2f241b97c0f8389e,0.015952698976809714
ck_473d6314ea614b29,0.005602205932045195
ck_7443d6dca8cd1352,0.005136896577957241
ck_c6fbdc5ba68a8466,0.028066580784063665
ck_6cb7c97b72d6b5d3,0.007952106516190674
ck_b43f04431c267dea,0.0015162403884915342
ck_77b2fb17c29f5e72,0.020677103003577082
ck_b1c51fdafcd80122,0.03696506396344266
ck_819bf3e8231f4081,0.010039468001347375
ck_1dedcb48ac381a1c,0.15568643860725884
ck_888651bfc2c8cf70,0.011904839992504109
ck_af0a6540ea7a36b2,0.006745705127330055
ck_97e980463aca4644,0.007458076462078597
ck_6faf3e6820398866,0.011175447807227817
ck_d0982b4e0e118e4d,0.011983832824056096
ck_3f5e8f3f1df0c8c7,0.06915551472175502
ck_5d8481e2b38bd99d,0.01575940997276096
ck_569b83668d74042d,0.6597713859819471
ck_f8b6069d7577fde6,0.00500341773078435
ck_837cc7fd48453a01,0.01052821237146298
ck_2973b8274f0bf69b,0.017319164535760333
ck_69bd0b1abea7e1f0,0.1873334663577688
ck_fa0b234481cb57d3,0.01902464975766948
ck_cbeca201dbade3e5,0.050500410093975705
ck_05a00b1dd5a03359,0.006425988947787077
ck_77c0fb524edb4a94,0.004483527066363008
ck_e64f0df63e1be595,0.09939058108825208
ck_5c7ad6e731b69333,0.28286246696943584
ck_b657ae3c146cb7bd,0.0016434213096378685
ck_7dbe24ba01316775,0.031693816045392884
ck_0e3f80c1553c591b,0.025467706279949938
ck_3edc45db58760d76,0.002791094929164607
ck_24ff97ad90bdd69a,0.10421835604582418
ck_263f6c5ff26b5e98,0.0064698484109343415
ck_437afe412ea4259c,0.1248107366677846
ck_ae8c9163cf957d7e,0.0064835747658303165
ck_3f8571d4f7420b2a,0.03743379529957245
ck_e6465c56b337e6c2,0.008561036867825042
ck_7dff6abe4bd644dd,0.7481058670168652
ck_27fa694569140345,0.0009894382370795088
ck_cdc55623cb16e6a9,0.0018768224711872793
ck_b08b3f089138c901,0.009539059671331397
ck_79da63fc100830b5,0.024196860477482898
ck_4339f86c87289222,0.5607426589590995
ck_38ea56d43afa5660,0.012926567951846532
ck_33ecaa7b892e73df,0.005286672635538273
ck_dba767885bd6ad69,0.005082147480995175
ck_b109ec4c63503030,0.007053732213170232
ck_a7f522382509cef1,0.005231328331883549
ck_d9143e236eef177f,0.011528880441378257
ck_f790d91e5ff0eccd,0.4737931446487816
ck_064013b0957d87a5,0.9932601530041129
ck_643f549b4ac78a26,0.29991129311155773
ck_a07e7409d6d5aa06,0.008762144027707397
ck_c37f03995f0f0169,0.003722959606971989
ck_8929d2eb09872052,0.07463321312564633
ck_27f20337bef5ffe0,0.027279132161346573
ck_7c67b73196e3d0d9,0.014631537379201648
ck_e30db36e376606f7,0.1636591669679306
ck_99b4f266b61ae7ee,0.027216175867557278
ck_4072b59388976896,0.010309378991806537
ck_21c99e1d6b881894,0.0016605907275849467
ck_ab2aed614ec1cdf8,0.045280199551817155
ck_a8cac8d480306839,0.0007569933317785591
ck_36d37be780c1291c,0.0014055431672871028
ck_7b3cc6cc3f250f39,0.006422108174614911
ck_b6673bbe61d2680d,0.02064822131406181
ck_c251898b5d51e3b0,0.026257822331379008
ck_69105f881da3c821,0.01521570791758202
ck_adfb8472d5c3d669,0.03452827257152297
ck_4a24ad61d017e1ba,0.0231294926025476
ck_15ccbf8ff7d14086,0.005909535731075401
ck_c4bcc7cefd40f8e2,0.0018231002730950195
ck_8d5eda29a2cffa3c,0.007934659589406711
ck_df65967b8b40319c,0.0006892626424229301
ck_329f7de7279e74c5,0.0028330707265790617
ck_d5b8e74e7ca6355a,0.03286615940019043
ck_faab769cce19879a,0.0498614388592239
ck_9b552204498b6762,0.02602336737875994
ck_c7dd84401e29a7fc,0.003594571915630588
ck_14436a409ebcc90f,0.010884876271411806
ck_f09165d73ee903b1,0.009625890101248665
ck_3dd542c2d31be2c0,0.017335423554979495
ck_8afc1112c12f5402,0.007105391288272419
ck_4682fad271d47eb0,0.951362898335564
ck_9bf0d28119fc42c8,0.01806427349867983
ck_4610a073bb54d1b1,0.016352103104840785
ck_f781539b1042dc83,0.006414149334584809
ck_3199b471575aeb3a,0.0049104889346068695
ck_51d3e8dd7465c015,0.0032596225542351753
ck_bcfb7ffb7cd428bd,0.024442369301963193
ck_8563fed6674afc77,0.014388642903213667
ck_89c8b06aa8c84b2d,0.13911529375745402
ck_9a2fcccb82da663e,0.016309252620302257
ck_e7a3cfb9bf908e80,0.019910956714157102
ck_d99a8b4c820eb46b,0.008844579645223935
ck_ae2ab6be219219aa,0.006901151644908962
ck_a0dab7aa9c4a39a9,0.0028995002559546634
ck_604e1b8a8c693aa7,0.009536882997655432
ck_17c4296276448afe,0.010188874647960968
ck_9e9a830785112a73,0.02266776841449696
ck_2bb49dc2388cdc1e,0.008123501383207266
ck_bb303568b6915205,0.019130792025205866
ck_ab1bb02f6b189304,0.06919749320757308
ck_2675e7a008e584a7,0.08043906156586927
ck_9880410fcd10a28e,0.0024729680223749446
ck_e73caa3771ec5e0f,0.006517168695231705
ck_74928f5f91aa12b2,0.03821815016284256
ck_eaebaf4d28400fb8,0.023616381516284063
ck_ec5ea81cf813597c,0.03701872847021407
ck_423ff4ede6a9f066,0.019118270216727427
ck_205c107cec528414,0.6350642234721822
ck_1df66f537496ca59,0.01993019689190458
ck_3646515079e6be55,0.006853097612747522
ck_b2c896beec146477,0.010829906958454542
ck_d80283209c963f11,0.01512451577033991
ck_c4524993ec31dbe5,0.007216148424611591
ck_9f7807ed64cdb728,0.03786778899726402
ck_8550f229b5eb03ab,0.0016484297897563192
ck_4199342d3aca74e8,0.043674277303695226
ck_3135c019696ee6af,0.9430366168042718
ck_5d01200ba3341462,0.01862721791949135
ck_a54dc042ebb7c766,0.32770975363891947
ck_ca5b1057f8248f73,0.015634488345195523
ck_1f7ee7b23fc6f2f4,0.04084051069839709
ck_92d782bd9ce0d1e3,0.010391281602424536
ck_7b35d218ed0c5a60,0.008011185936927116
ck_eccfd552aa652d3c,0.006648975627987664
ck_9b6ee35e8cd0b11c,0.004254880382811204
ck_d838491d3d4f5ecf,0.002702137600728687
ck_3a34c3ac83cf84b3,0.015366280193421383
ck_c08f622bcd6de6e7,0.011444820776088521
ck_2d634e3f24681c0f,0.013772323602478846
ck_956b5af6d7d86c65,0.6270527855978891
ck_9332bbc7125219a7,0.00912176695417737
ck_8007824431fa803b,0.004004855750083886
ck_54b087bd873af8b8,0.005385371223456175
ck_e70418b00cbbbac9,0.045875865917858596
ck_500948a8d4bd8e13,0.013032877569633642
ck_48e84b0cb0b90fa7,0.021244937579611347
ck_1917ef3e6e345549,0.11463374604670562
ck_5c33bb46c1a5945b,0.028043668524514752
ck_b51a58e7f032c9a8,0.012374278121342737
ck_188fdf2be7c92e9d,0.997417898622016
ck_4a103f8254b366f7,0.02256361684721684
ck_4388abce33ecd01b,0.5232771185840112
ck_321e740066fb05c3,0.4293501793978252
ck_c93def7392f0aff5,0.08636787149700584
ck_8582490d6e365a63,0.015527481520653849
ck_bfa17a0b1760e616,0.0018907313400355545
ck_65a23ac8e44eb901,0.0035576362406631217
ck_bcc9cbc9ed8b7c31,0.020447143861208227
ck_6426427efe3228af,0.017831731107184147
ck_eb264d1b180d4b4c,0.026107311008015315
ck_b7af9b2ee0eebbc6,0.04980253290234005
ck_79557434c129ba52,0.01325243722451703
ck_073da541ec3f9d3d,0.016226586924521908
ck_96dff7a09d45f116,0.05241217435542675
ck_8ec86e853ad52828,0.0843977187995543
ck_64f5fba6af67e024,0.010449484435196514
ck_e0fb11fc9dcb34e6,0.010379205170142106
ck_361f535599110201,0.009348169346695974
ck_34b0988a97d96902,0.0038819744214798947
ck_337c5684510cf432,0.06232972616292304
ck_258d661e450ac870,0.0032941449858876026
ck_6b55ec4e87a5e22c,0.0458431110329975
ck_638df9e8a22dfe0b,0.00997266653538505
ck_e36c8da1bd359960,0.0396625209146176
ck_73188a826b5f499f,0.005570277486886559
ck_286bfd719836e9f3,0.16744086124653834
ck_a209a5f7d172125e,0.004889140874765383
ck_fd0483639811f62e,0.14607646421730786
ck_0d16d9349e4a9e08,0.05758373170285002
ck_fcf5d4a4748cdd53,0.003201042275218755
ck_61e1f7168cd9ff25,0.04259313375567003
ck_b7f4baa2cc82fe61,0.003303536023956205
ck_437f9ecd2016a1a8,0.006126572854720969
ck_04219a7ea798db51,0.03678603767136518
ck_644b1c1149eea9e0,0.018493049100354916
ck_bfc82b3c1c9f2897,0.8189302916608452
ck_9cf44eb0237c2429,0.007942276901038296
ck_2106e509d77fdb4a,0.5524281835556001
ck_49a0efb5d4067b6f,0.0870615502693564
ck_82f360df1e9f4eb8,0.07741685418043322
ck_9986c7d781ac6b4e,0.008242798675257774
ck_c8413898f5f7cb7d,0.0539425268254705
ck_b3fb83f0d772a831,0.015643615558612323
ck_a2299b4f530be0d6,0.563692874439081
ck_fce0b6855886a0b8,0.016833847910846203
ck_162513e73782929f,0.016010758602175625
ck_3e9e3bba8bd363af,0.002161764734112752
ck_88cd35378075c84f,0.0009904232856752407
ck_20541686a94fb71c,0.03257271005535509
ck_fa80da579ea9afc0,0.012610262619094289
ck_7916e53daab36745,0.16871605414983354
ck_121db7ba3be29ee8,0.024685997490343406
ck_01e5986ebb9a78f1,0.02697535054163678
ck_6c26c12071c91ff6,0.005091111341455815
ck_0e6e05c3cc8c8242,0.008345571595184459
ck_7738eb085e5753d6,0.005732112779922799
ck_2bf10be403849c9a,0.005789886945604469
ck_3e6f35e4500d2f2a,0.0011931236300153228
ck_7a9f241d5f082567,0.0025976634602529448
ck_247589ff532f7aa8,0.005643670304626108
ck_d1c787c27d50af49,0.02161691120189118
ck_49c98bebd1338879,0.0022711947814204794
ck_9afc3bb849f3a64d,0.015587815250155693
ck_1d40e4fc541abe93,0.06016382529899602
ck_4fd9dc00e1913587,0.980938385941202
ck_c19371047a2d011d,0.0018019493160140248
ck_7d9f73dc7c4f90c3,0.15946566136212934
ck_8c84fcde93a04334,0.23354883745734917
ck_e09c97520eb0533c,0.013074279745041611
ck_a1e13c0d58560340,0.0020830592628448144
ck_cacc2ca410cbe80b,0.010794138999866308
ck_dad5cf32ab9f243f,0.012577853826934746
ck_b2cb9e6610eca967,0.0060820388333266175
ck_1da2f69023ca4c13,0.0020819009949411093
ck_25122cc0e8b1a662,0.10893720246886637
ck_dfee9de05e3971cf,0.0065783803549294305
ck_ca54b32fca7e94cd,0.006707311038835998
ck_384ccecd342a24ad,0.008034649648185089
ck_6abf8302ce052451,0.1136722244038494
ck_6ffa90143838a4a2,0.0027184526494067477
ck_34f9951b0eca1965,0.01072587574262012
ck_9385f5a1eeebefcd,0.03838216278105626
ck_3df8da6f60a89a5b,0.05794594888111862
ck_08ff5bd467226a5f,0.0035722251432611647
ck_6eceeafd56b42576,0.10404078102401619
ck_f744e208183971f8,0.0007811017099599649
ck_7b45ed23304a854b,0.023409600511851078
ck_f88c79186a082beb,0.008540230824970017
ck_b78d785ca3ef773a,0.007643004665075115
ck_67207e3eecc02d76,0.004574305475722642
ck_7aa8bc018c2b003b,0.0036045950157905502
ck_676fa5f6aae5475b,0.012825835767958146
ck_73c18e03e3c7612e,0.0020117829168610083
ck_d91d9f8445b9769a,0.30497472761252814
ck_f6a4a7ed27fe76fc,0.045738981818433166
ck_8742114f4f0cb22c,0.0752175595957465
ck_5c82444b3b9160ae,0.02290651819843095
ck_2acb54ca20c3af6c,0.015947942380384536
ck_15b93103ccd38609,0.006781088621267574
ck_16541fc15683e21c,0.012468238041042277
ck_039e6d5a330cea1a,0.05294812768904528
ck_d8116c34302021d7,0.0017012904269803127
ck_e03a9d8ac94161d5,0.003913916604426038
ck_eeb854318b3a6f0a,0.013238280635052512
ck_e9f228845bf6e28b,0.09993834934093485
ck_203c2a22c0c165ac,0.02040277903206191
ck_5b59e859bed5b40e,0.006836121418097419
ck_7b61717f172f9317,0.9649049394927945
ck_114722e12db90a73,0.0014251507829871573
ck_ccc7916b56d42195,0.012799806787689194
ck_2dd147ce6d61749f,0.02141272787655073
ck_9ede51c8434cff6e,0.026515154654108548
ck_88a8b1d442ca3686,0.019966236392173382
ck_36d2be9012f7909e,0.0192220543700561
ck_495d814d6d6d521e,0.00072983247738724
ck_6f5bb0c930644cae,0.9975342657676654
ck_79749eca42ff1f5f,0.027238692682676112
ck_cebb8aa8c8f62c60,0.012461385547911725
ck_349cc5edda1b8853,0.025485799656643698
ck_85df7b7de9700aba,0.0020600064372107156
ck_e0983999ca26c19e,0.03794870871886093
ck_d879d645d6e44207,0.006077629172819757
ck_a6c02ae50932cd9d,0.005250603061080518
ck_50176dae5b1b716d,0.002918936792885097
ck_d6880578428b965e,0.16877144896303428
ck_f51fe59cd445d2cb,0.005859469498175515
ck_8440ef1386c07194,0.004636258270194822
ck_28cb9b03e89263f1,0.0009777209673037114
ck_5ccc1a1c78cb33ee,0.06187293360785813
ck_e04166b0ce66393a,0.010706493181168108
ck_72ff52c4824072ce,0.008807369366280822
ck_11f85bc705dbe036,0.04532645268313062
ck_89f3e380b0686963,0.01624966693045057
ck_26df74feac7ec51d,0.015550632633871424
ck_a9812ff3c111ea94,0.027606264887900557
ck_bf6fb7e6470e95cb,0.0004824084838477283
ck_cee4e4e1b62bf82f,0.026368287994687534
ck_7c560467daca735f,0.00034774910980026817
ck_f72a5a3b0d6c1177,0.0018450803313702065
ck_5fc90b4668ea81bf,0.037524500805885624
ck_c2a5c54ad8d0d297,0.016754101803565045
ck_7508aa554fae6afb,0.03986158269035631
ck_003aa842b7ca1d77,0.3812542102830936
ck_573feefba6bf78bb,0.06461660316139445
ck_83b2b192f41ee2bc,0.28682471806340626
ck_64796b6b2c3c7f06,0.014614130815154515
ck_5fd8924732fe403e,0.15055766952897767
ck_1d96d7fd65f208b2,0.015038764599781537
ck_9d00823bf60388d7,0.025501936713737336
ck_0ee6965e68efc177,0.019587525196651426
ck_337e98c69f6e7886,0.009507981602665375
ck_b8e8dba20676d87b,0.02564994738401925
ck_f8ac3a0500c0ec62,0.0037851572324002353
ck_577c816b41cab002,0.6843218996371729
ck_05c97fc9de11aba6,0.13832994230243972
ck_c82364d87875a1a1,0.023547767644777395
ck_e43e53cc7b8b8e41,0.03413658866304649
ck_d07c5b0321c685ea,0.09732364410158528
ck_16077ac345472e6a,0.013502740096218302
ck_e07fd57565c94c28,0.037001402439553154
ck_a4d6e152b0076964,0.007491601845015154
ck_9929723f65636c7f,0.9678306035755476
ck_d90b1d03ae151f62,0.016294557309017115
ck_a553418f2fba1440,0.02217994441522665
ck_105b0c93573fd5b7,0.13261112969192024
ck_2a01e610348b84f8,0.03186597513782829
ck_df1585c7d72a96e0,0.005380723406864539
ck_df520a7a6e405889,0.011362426396588837
ck_2d9524787cfe1ab3,0.17432361214277645
ck_7f15b50b29dead01,0.011238287999430142
ck_fcb2a559474c3493,0.011835713510077882
ck_e5ca550b39ed45bf,0.5598727871413725
ck_d2ca47180a926ba2,0.010074949906226495
ck_0a93ed76bf36c8b6,0.014221108767628037
ck_406c4442dee45cd1,0.0009925678054863872
ck_56de216eda6b7fa6,0.0011384418424309813
ck_3d56b477fe2370b6,0.04102231669346097
ck_edfe8e90e8f4366e,0.0017237582105473122
ck_2096d32f3d497ea1,0.06881795019935737
ck_c18245be844680f3,0.005463254022340662
ck_0253b3e7be021306,0.0013465496866227307
ck_fa5ba9ed9ed6a343,0.07093524644967884
ck_c9c99e5b19aeced8,0.0007828381153526444
ck_14b4bf7be6ac2b61,0.04985120521738004
ck_b7df99aecef385e6,0.0751021601319053
ck_17ab3068fa303682,0.004554027115266752
ck_592a3520d841d11b,0.01707710060705694
ck_094974d75e29fb2f,0.0418523789609371
ck_6cfa71d27fc27f92,0.013150040080734605
ck_f2ddae2eb1cb29b4,0.009090613913996628
ck_1757fcb0e6e3f88e,0.13396547468467268
ck_7afefa349b960a3e,0.021789447601527553
ck_487f7fbc290e4ae2,0.006340307739754694
ck_28dc0de0ae291f37,0.016824225037624076
ck_2c2f080ba185016e,0.029409444166393482
ck_f4a2bb10afa85743,0.008791122887187459
ck_9ad08fcc183ea1e7,0.0032836074464442444
ck_d08e00c842b75176,0.005770430146003007
ck_a3be871ca22ac416,0.019335576590807497
ck_ab70961e7c6695b2,0.008986698050514616
ck_c6200734c7f9b2f9,0.8318514976073833
ck_d0f470f8078c91df,0.01741034904738616
ck_11c7a58e09e6547b,0.009043780243182368
ck_2e0eedaaf2980c2c,0.01009140145680067
ck_0e2bc3a5afa439d8,0.027743261534408193
ck_c416357d20238a4e,0.010086153001332365
ck_f0c44ee5e3a42e3d,0.007131797258342147
ck_8342e08cc2f9bcb7,0.004625352476224405
ck_93c0cb3dac4891fe,0.009418997243024408
ck_5c5284c45d9ad8bf,0.03248944043497643
ck_3954b7b0fd1d6614,0.0013639018275135107
ck_eb1ddfc353b4da83,0.0020984971665844636
ck_ae668e4564cd2aa1,0.005725937742029283
ck_d89abbab3d4957aa,0.0063592414987487765
ck_364f8203a3e98d36,0.4921899731902277
ck_004fe0daecbe2c1a,0.0037284201469112584
ck_a31a64a39a2c4941,0.003366552498180116
ck_c49f25dfb39909cf,0.1695283091594605
ck_4ab74a6e7450416c,0.005226892044260667
ck_55f50a9ae2db8ff7,0.003343357937219719
ck_7a86ef4e2beaec38,0.0012347598520244132
ck_f67ee7910d532216,0.016443754307147285
ck_21860dd2159dff28,0.0020134122301200133
ck_63560eec94b76d2f,0.008072457042176713
ck_dd78cb6ae2866cc6,0.01947068504338491
ck_c1f4509c8f5dac5c,0.005985425337069448
ck_b921af37d500e139,0.0035354594745490627
ck_e23e50e02cb3904d,0.04519121816386041
ck_80c4e9274cf976b6,0.9920215494190997
ck_4c352dd3e7c81269,0.017995501481941737
ck_1cb6dc67f9a321b5,0.05421845843844287
ck_497ed60723283c0b,0.041518289456940444
ck_db23a5100f338d72,0.016920216429805592
ck_57658eda1c59bc52,0.0034833761664415756
ck_94410eedfca91304,0.026073647419499985
ck_eee99af3598311b8,0.03041608760331909
ck_832341c98254bd84,0.008104319164722413
ck_094d10439b7b4eac,0.0035546786945710803
ck_2493ee8e7b91d304,0.028948439979681082
ck_254a7c97c36dab8d,0.043823858407621645
ck_f268416945316815,0.004376688790990762
ck_59e77e3a81f1fa0d,0.015640952075723424
ck_614ef655f0685060,0.005522318807270331
ck_04d2ea38ee27770f,0.005495627728279616
ck_b89c6fa2ad0a12f5,0.03197840585782611
ck_1805fcfc4a9e4ffa,0.9119812171881762
ck_3f5ae4673a9f858e,0.00849397826376199
ck_ba88a244d5f7380f,0.025439428137109588
ck_fc832b0c90c9bdb9,0.9365144686588387
ck_7109923fd7dab20a,0.029890463054814423
ck_a97b481ade6f7972,0.19254388774465442
ck_f56200205280bddf,0.03576643545036257
ck_754f30ea19df857c,0.02683813357874028
ck_59fd11b3232de9dc,0.9551522407820052
ck_7519260415c2998e,0.01588648158921258
ck_b7f5acf5df1bb13e,0.013553752954558311
ck_46656a23f4456d22,0.22766381462466734
ck_994316fa5a02b319,0.0006106280435898983
ck_ccccb17d2ca6ce94,0.04559084969301249
ck_269f1746f2609ed4,0.00593981733907879
ck_3521243bdac61178,0.012769948494735298
ck_cf920313f6dd28fa,0.032813831190849185
ck_75d2a2715259c4d7,0.03242842192006947
ck_616cc31910f5de50,0.0064999333729515935
ck_31e70f2f04b48b88,0.0010253303753273665
ck_76ee10d6e2dba70f,0.05859112380949934
ck_05b2b04e11d9ae9c,0.010059737256733743
ck_8089fe7403c5f537,0.009866226090996806
ck_3209c530c9812e39,0.0077649013335257325
ck_fbf7351958ad9615,0.020755026524033843
ck_0adcb1fffcb0a34b,0.023244140407532022
ck_8f6ca5d3b17eac6e,0.0013604793050530008
ck_77a40c7d2f862a32,0.02779384830294052
ck_73de0b49709e5f8c,0.0014204917340550464
ck_e3982142336782df,0.018752444666841738
ck_c6a7bbd0adc4d5f3,0.03570209808588305
ck_fb04ecbaebb774bd,0.007997837275674494
ck_de7259c3741db179,0.009070892088149603
ck_b6f2a2fd232c141b,0.03117572068949251
ck_91fa5032f7aff0f1,0.15731742653543443
ck_c5f8ab515840a0fe,0.01951613565366114
ck_b0f8f5408662337b,0.002940484381372
ck_eb4f4267e24d042c,0.006128337442592676
ck_8cd1b68dd74b1375,0.13143126907894628
ck_3398551e81dbf3db,0.08866290876570042
ck_9a881d5433126ada,0.007200719040320873
ck_9fd0be2c018ff5e4,0.015398330961667981
ck_364cde38958b7af3,0.14044912446250063
ck_8c95aeec6a4c75b0,0.006602987456411717
ck_2595669e421299f6,0.02905035722753893
ck_1402d24dd623df72,0.005468290372946122
ck_5c2d43ff841632f9,0.0019217357384580971
ck_791d5392bbd80447,0.00659072086759799
ck_f6e9d14dfb6f3c28,0.03338196828940983
ck_18df83242ff3cdbb,0.046260051444769454
ck_c363d3b050baf3b8,0.03618799456506786
ck_f8540cf3a8b2f8c9,0.02778807514155528
ck_dbc487cb0a6c18da,0.9289944950083192
ck_98831b57c7ca2e4f,0.002096346657603872
ck_a6c7b8d6e8596d4f,0.21107520010759465
ck_13f2560c6a1ec62f,0.03022223599533091
ck_6c48c58678f64bae,0.0016986487541974988
ck_e0346d5081e640e8,0.04645190094671752
ck_0c9e420f97baaa06,0.8561049351081654
ck_da06d97db0b18851,0.0018057381776581953
ck_6e4f31bd108571f0,0.0023151086174629035
ck_120e995d50956bee,0.06413352164979833
ck_cbe525da0b69f18a,0.020711179523644856
ck_b62f3e3185251f71,0.0012381180373591096
ck_1747fcc466f0ae38,0.0013826946690469436
ck_c6afa913168ce8fa,0.005219312805957728
ck_e12a9f7d027e3387,0.0049832698032455745
ck_ddf787359d2b5deb,0.0022036655879728545
ck_e1140be6157bacbe,0.002114534232777514
ck_47d3e8d1dd3fbcef,0.020417215138721703
ck_f90293f1eba5d7b6,0.08325324410651018
ck_2f6e64f638da0f97,0.00386892945627218
ck_25dd0b02af5b2f37,0.07763185896687311
ck_a2637e4872cf4811,0.08620591278239516
ck_2ae44938847f3852,0.009049227563926178
ck_8347455ab53ff620,0.010379531364847342
ck_7aa2deeda0e57412,0.9952227977267718
ck_f9c4f8b4ce2691f0,0.015639365229331837
ck_e5f7b99ba6ec5767,0.01824328265895183
ck_59371c9140239fd7,0.01887012623752821
ck_3380d60067b4634b,0.0006702343667058574
ck_27466468d06db4eb,0.05955563952179836
ck_16d2d27fadeeacf7,0.0040400092471807765
ck_0d5c0736ec76385a,0.001004969835347221
ck_8053f1879a9b4e43,0.008708757540804574
ck_ecf9794349eb4b3b,0.029483418457232128
ck_913ecdeeb8e21a9c,0.007601083207969194
ck_687eab3ffe1f8cfa,0.015727292370495267
ck_e4459115cd8e5e4f,0.022643396664019124
ck_1964ee9db929a173,0.5611621006361073
ck_77fdac602d0c6f95,0.05669457882977565
ck_1a28b6a40a6bd3b4,0.04067236742145636
ck_bf285dd49f372de4,0.016793870958134578
ck_eb6baff0f85ba936,0.030978339853727156
ck_a9bf75bea912027b,0.06455602983039684
ck_bb4aec09d4968dda,0.1795033490796445
ck_48011996d54855ac,0.2315246529290728
ck_a1b4c96faed3e0db,0.02146029510477717
ck_8cb20053914692d0,0.045019565152743746
ck_5f52728d777ff2c5,0.015330275776890523
ck_d66f42a269d5c1ed,0.006239945883921708
ck_244b897bb4d57c1f,0.00879896689996233
ck_4eadbe7298b15e96,0.012937382556535903
ck_179039559ff7566c,0.017931857655360938
ck_a60fe02fc04407a9,0.039126980772698786
ck_baa47383ffd50f04,0.00782558775145221
ck_3b1766a1d51f8f0e,0.18397266301036272
ck_abc54ed7111e9ed1,0.0019981956573667885
ck_2a46b7ca55239413,0.007493371485882745
ck_4ef9de711c3d93b1,0.042507185397796354
ck_ff822700f3605e06,0.9982075862757812
ck_783fe5bc20cd02db,0.029641184562680285
ck_ac9d3d9754104cf0,0.003668986137784114
ck_9800c21dfbd8e811,0.002069078609186321
ck_454b9e21b7f25a4c,0.00342456771492588
ck_17946516d5df71d7,0.012411774217449522
ck_b7e7f7d0cd886412,0.0874761723140415
ck_9eb5b3f5f672c2b1,0.001693319091137164
ck_089e3a07abbe3b8f,0.0034421006067624693
ck_6a28ea6ce69cb869,0.12264626510108899
ck_3be854e42e76569a,0.0033264789064752255
ck_d3e2c26b8adff099,0.010566123006796704
ck_47de038381a9cd65,0.019871581630000804
ck_e26a6659c237b650,0.028584565153275624
ck_7cf301d075e4e709,0.015562209541469717
ck_c56a44fe315c0389,0.006861742097478026
ck_0e70516fa07cfb17,0.8445359208647514
ck_d38f941d09eec820,0.1361573590129074
ck_d6a290ff8362c7b9,0.14590414269043858
ck_cda72f597330d0f3,0.0022717441126327968
ck_7c4f12d70f184533,0.0006159328030155292
ck_bccbf9fef367f00f,0.015469701935702067
ck_710f867a3bd5898c,0.005665159820419817
ck_be05447853d423a9,0.0008155989061995907
ck_0414507baeea936a,0.013168945719518372
ck_60796eb60fc3043e,0.010583912072452108
ck_d0b32e039abb8200,0.0015046767325622875
ck_9060f4e7ab7a1b0c,0.00929644950497551
ck_1e0841ed17fe0562,0.016836967379391693
ck_d523f0e50a2747ad,0.0034810405224268612
ck_e322da8b213eab52,0.0007135228317395614
ck_54b0b070689c50d6,0.0011163691729886383
ck_e7dce27edb700f27,0.00855539916912379
ck_79e45040dbdd6447,0.03349904483724206
ck_259eb102342057ea,0.004660293883845907
ck_cd92852d7376a4a8,0.0021910834985892254
ck_a705c61bd679496f,0.009366898530776742
ck_4bfeb78b47b7c6a1,0.08132667507491788
ck_f7112818a6d81422,0.05081817954989149
ck_c2504f5a113433ee,0.0018636706526423542
ck_9915ceedf63a5289,0.054242512093967174
ck_bccff46fb0868454,0.22770298495235708
ck_db8733fd92f20cd7,0.013422840547329689
ck_8f3ccbd20d59f1f4,0.007321171861315812
ck_f77dfe6512eae322,0.01746961327049926
ck_957fb25437c75e41,0.040387880199443116
ck_46225858a38b2e57,0.004232195043187846
ck_f637fabf0f60528f,0.013868447070654107
ck_e6a6caf6e7de17c2,0.007361246330226427
ck_f7bc569b37e8bdda,0.010301855953604897
ck_e739eaaa7a1822f2,0.028153486311947754
ck_8409716d174635b6,0.007344402489383317
ck_04e40f556a5062ef,0.007823624835072512
ck_fa3b1e85d27af2ee,0.061623734369929406
ck_703b375dd86a6124,0.02305292432088481
ck_63ce4f44c92d7143,0.03453516828156562
ck_0d641d32658d6e0f,0.0074557580461447484
ck_6a2c4edd82e10969,0.001253228630048295
ck_4c5ff58afe3d7a67,0.0054031283103833086
ck_6b114f2a48152b96,0.0017402019848243749
ck_e842fb0cf055a83b,0.04508616821481724
ck_53d17ab97de1ac3e,0.00900203490476729
ck_8bb9e75393954a1f,0.003190999042331534
ck_07cb2b6f2a4303e1,0.03770491098216139
ck_31631e2028d4f855,0.0186885060227715
ck_4bca22b5926b9c28,0.0031067462573489356
ck_1631bab0ba1256db,0.02721401587028061
ck_41d91dc9f5063566,0.01760122742382986
ck_cd78f0832a09bd8f,0.35987894331731063
ck_d5194f2e92fd6427,0.012511949998272525
ck_e25f70d0b7229420,0.010581988224992046
ck_1496568ddc3b2d56,0.02287076401946806
ck_53a6a33060d5c8b8,0.004827859742411727
ck_1dbf1f15193197db,0.042172866943947396
ck_5c85d93ecfed4b0e,0.0024876817472289045
ck_2b359a979520276e,0.01090972621601221
ck_1c93cc58f314bf71,0.031851563235406034
ck_9341c7959543c542,0.003088589588606922
ck_1da9d40837ebaa57,0.009325309137405691
ck_265accb3c5c32620,0.06385237646280018
ck_ec4e597f17f473c6,0.004518882432584046
ck_612089ec90c37219,0.02411873326502569
ck_c6bf67470f526771,0.015558775882691066
ck_6eda4c36aecad602,0.006005119583291359
ck_e62eb708d2688fae,0.009940767156752434
ck_e21a900556b382ad,0.017116806384761447
ck_fa3a766e49dc77ae,0.006507022940213402
ck_18a55b06ccccd88b,0.01740428799314884
ck_6ba091eb42ffa9fb,0.07496336347843607
ck_7b8cb0f90fbdc8c6,0.006107578326026986
ck_228a583f23abff48,0.010717138911009923
ck_a3ce05e9e5e32142,0.007964575294962974
ck_fb4797045077bc6d,0.0037666483766310155
ck_5fdafeaec036f016,0.011218610500154953
ck_e9e8cacd2fa35e79,0.017476534304661156
ck_ff182f033134dbb8,0.01533790604678673
ck_0cbd3b27063d4415,0.04927850833997631
ck_81709736281fa3eb,0.002044778274615109
ck_b0a0fb0ee9ebf106,0.012691697732970186
ck_2faf7ecccc9fec58,0.0009060206775689417
ck_d251e9fa09e542dd,0.996229530539243
ck_32f590e87bc3d715,0.0003825590290423444
ck_20de8abfd8960ee3,0.028720218676693658
ck_a60e6edc48e3d0ac,0.3487369059333272
ck_905e460591d9a278,0.11988271109198917
ck_2ca83dbd728af019,0.00167597420468429
ck_7061786fe2f22f5a,0.014890121723200268
ck_821446adc95e6da5,0.012266016257533569
ck_b1182471d9ac6b26,0.0008089837422261427
ck_59d380a0973b3951,0.014786641397895645
ck_f7fbc95ebf584379,0.003380368052773072
ck_8e9faf94e3e6c757,0.0010880822995635153
ck_d9ba2a6c0d926b4d,0.005222601036447905
ck_4d3aa36ff83f1132,0.31286880296043496
ck_db906debc36a5d1e,0.0347803218483821
ck_329a73dbd585ee09,0.005768409679334553
ck_f6aea576cde8d592,0.0005152594143323458
ck_c40ffefe4e30b001,0.07168773799508302
ck_501dcf1ead036d2b,0.012916584560670345
ck_8247b79ac67aae7d,0.010934411335777819
ck_e48d14d5b70ef5aa,0.011943228004979415
ck_f3ab5dd853d38252,0.022396660258412502
ck_1a0aac7f7b94b1be,0.19323976334619475
ck_d4c8f0d957c3965d,0.040600818875845386
ck_9e3896c2668ce06b,0.03677972498413353
ck_227602ad072b838b,0.000897677176905726
ck_9aa899a5230b0963,0.032930903968643475
ck_344b2e326a6c3dcc,0.0044699475751268985
ck_baf43bf1bd963f9f,0.04035047797055749
ck_e6c584b4b1ad6d9d,0.012580244421072686
ck_ab9f0e08af030060,0.011463791684173733
ck_5ad798286384484e,0.012309312620977515
ck_ae7780327e210522,0.012151273434718167
ck_185f15b1523bbcf4,0.0013435830725932597
ck_bf378ea558a4125f,0.43876304385551984
ck_1325000bc7f35b5e,0.003192773352586148
ck_98e1992ac8e7d2de,0.09889780579786375
ck_71fd8c346fde5cca,0.09124101915817248
ck_47a884dec960ff2d,0.014589146748952031
ck_2dcbb71e39d64305,0.014972182090462013
ck_d546994fc5d3e9d1,0.01278545154833986
ck_c2c7d1e45a521857,0.0356721265493149
ck_d72035cb29db3aa4,0.03297659542890199
ck_a0498755cd8d7188,0.000815173113229778
ck_a9aa389688ee5aea,0.009285834368696184
ck_ff24776280ceeeed,0.01527341401746947
ck_124432fd5c92af7e,0.6797462372204095
ck_b27a9e39726b26d9,0.0008188064368836939
ck_c4a72c09f2fdacc4,0.008184715372190883
ck_bf47375e41ca3bc0,0.0012706349593237787
ck_4c518637db2322d5,0.08058134570027449
ck_9e7278fc7679f002,0.039548294960972015
ck_b9facd2210daca5c,0.046257649483719056
ck_1c607e24f2c4397a,0.04153729066138908
ck_b1e81b58b9a545ce,0.04424054683768247
ck_9d5049e195eda029,0.00845147727020465
ck_29076a13f539187a,0.5190578227142788
ck_00013fdfa0bd37dd,0.00949243390073856
ck_b6675a04df1a4276,0.0037444872424768115
ck_52427b3f8478db19,0.05041164204180112
ck_3b810f15ca0eaa55,0.00562403749340773
ck_0f6d916c92189516,0.024092336419933507
ck_b3dd1198ac5aea73,0.015072227283785778
ck_9776cd8263a9f415,0.008738579288651063
ck_7d51c86e0eec72ac,0.012475947044138852
ck_bc2e771a1d8d2dee,0.03500864978594356
ck_c10e54c9db29e6ef,0.9951726941487324
ck_7184ad7709ae4c80,0.0280811481186984
ck_e55f5ca37f30ce8c,0.013506863990206789
ck_fcfe06e44d09a344,0.01566728601823762
ck_ab3426435b0017d6,0.013922890106861482
ck_c383aeabd53e9c89,0.03261849999108989
ck_71bc01291e0533a0,0.009203442048110601
ck_8220da627e9992a5,0.004429970990082004
ck_91d417507a8c58cb,0.21586495051639226
ck_79d6793d1d0cf43c,0.0017173575136703585
ck_8d84d771a21942a7,0.0013508533951701108
ck_b046a42684468e63,0.020675595589574852
ck_1058129ed7b48c59,0.01902880365405958
ck_962e65ab33b5c311,0.9231574486407427
ck_3ded7a8720d7e311,0.006555219141806589
ck_9da82e567074da9d,0.09215810212916022
ck_7b1319a5ca2f63c6,0.977516971279583
ck_2cfb9a7775e8a5bc,0.9669230314780903
ck_6846100e43659bf3,0.004829229515109696
ck_c72a7d0d03cf3e17,0.24346174457385275
ck_fb00aae4e17740c5,0.009964705797068912
ck_2770b0400a7bef08,0.0684205016113723
ck_b36086ae6d87eec1,0.00467318039879322
ck_ea2a83ccb8d57490,0.009956673976950188
ck_4be03a2aa62b93c7,0.002131236226537821
ck_2786cbc3e75ec034,0.27368362574312505
ck_ae1da8ee98e402a4,0.009833167450664718
ck_b5e54e22e3d6960a,0.004543004437065576
ck_3d139692c51b604a,0.0963240713733424
ck_718a8390b3d42d7d,0.007730633153332516
ck_62081bc35aa59931,0.012092902561823948
ck_7c7266f6ef2a8466,0.012764667319716611
ck_885cf685a9541190,0.5186804751651033
ck_2857a4ce9f72fbfa,0.0014557032391660553
ck_0ffdff7b2f5fdfe4,0.0046830589138955854
ck_01a750db6fc1168a,0.12586765940671227
ck_7eb4f33260f1dcd4,0.01220570880818848
ck_260ef2f3e6434819,0.1074248007765433
ck_544a9e80b7fdc279,0.0048508866096362655
ck_97d4bd922996fa10,0.006742127436269851
ck_795c49f312640019,0.0011989494057439694
ck_0f8cb09d3f4fc980,0.042999877855180474
ck_69eb0b2ccfbe5f95,0.029717301695361124
ck_44950df09ff14ded,0.0017973752128074528
ck_70d19d5650ddc8f5,0.00862440798330713
ck_da39653add0f1109,0.0033109049386385605
ck_b7431d4706461ec6,0.0046598908296181605
ck_2f6a639468f41043,0.0016811698639833655
ck_5a29b7018e43280c,0.0036344865635279623
ck_18bc51bbf3ef198e,0.03708400070743539
ck_5486768475af7bb5,0.905758435759036
ck_edc9668282e3c8cb,0.011192950333107984
ck_b64c87d5e3b10e6a,0.5397403147588963
ck_bb399ed6bf28c230,0.05277098756006317
ck_7ea52b6f27edcb73,0.03707027550527684
ck_0789a05e061b2784,0.2505610928017288
ck_29ea329fa40ace62,0.017073419930942652
ck_0034d010d28aea78,0.014320627574115473
ck_b52b99dad89ecdfb,0.019798370139172947
ck_e7b583acaa3171a2,0.19940116457429657
ck_d2d4282f9d256b3e,0.022844627889821504
ck_130d3848b9dcdb05,0.003599954710298249
ck_4fe4b072f03f2c1e,0.005838404597412792
ck_16801e628e883d78,0.010697702401516124
ck_610c7bcc1cd7ecb0,0.015892051304797403
ck_34d6d74bb3ed11e5,0.003271734918206708
ck_e87897767c612942,0.017373195670270014
ck_d902183f80cc81fa,0.01912393494679776
ck_df69858b8a8b3165,0.012362435134517244
ck_90489c405e6886d8,0.00373950994978487
ck_84d07028b5fca2f6,0.01615180738228728
ck_d96c893721385e4e,0.0030018571733675488
ck_f65ab819373edb37,0.016298102304676165
ck_21cac21fc10b7768,0.004165695527289688
ck_a0255ab46e122d2f,0.0025800477404283604
ck_084322dc5a3a86f0,0.010916913246031177
ck_786448fe3004cbd0,0.0018132677879196665
ck_e155cf506b2fb699,0.004192690809837517
ck_5984be472d2bc267,0.09973436689539714
ck_dc3d8b5c17b67ae9,0.00152214992898104
ck_5ab68b434ad53fea,0.003342790296234427
ck_2bd73d9098504760,0.08464943343884661
ck_d21b38231a8a9f4a,0.09885734110001533
ck_1dfa91405d7e66bc,0.002664518932484794
ck_ecdd01a391610d99,0.006579435610083476
ck_f928dba0d587d7c1,0.001357003050288371
ck_d87e26eb5bc84b01,0.00047642882045701405
ck_d66d59981307db93,0.04493735250727386
ck_07f1734be7fac56a,0.014311361828517418
ck_a9b0c4dbd7db6a91,0.02513332261819227
ck_1587763dd54688c9,0.005366028546343852
ck_dd30558576b45e7b,0.005627052663939505
ck_4cedf26628c84f26,0.030934456066221645
ck_a2d709e7eb91e4af,0.024890145604319062
ck_3c48e0cfc2a58041,0.4191055359645571
ck_b8fd61a8e82bce32,0.9658077158820001
ck_7a1519ad5ff45312,0.0015119215857510413
ck_9dc23031b6b494af,0.031220907949238326
ck_9ae904fbef56065c,0.0021708657212534043
ck_958acf84c6137a22,0.04043294351664498
ck_fe6e168cdbb46b9a,0.08902807611269306
ck_962c3bbf27cd4b80,0.05878995226663385
ck_df1a6edaa3e6b271,0.003863007710105129
ck_df0a8f20ab8f14f4,0.0283864768443608
ck_b0a947b498e47018,0.012768608833376865
ck_b616b6f45225f319,0.021272470072401458
ck_ba3a6be026c87079,0.002854123311002945
ck_bc7710f7e9fae649,0.0014288686004836578
ck_c5eefc0697451de9,0.025407071837151077
ck_e69195a3c885053d,0.0018909839208845996
ck_52e37e2170532e2a,0.3722405555265439
ck_826a27ff7555192e,0.009539506015125156
ck_08c6cc1e143475e3,0.0070300328634542355
ck_923d6a0f83accef1,0.00802105773682386
ck_09a988ebcf062297,0.06314852648967802
ck_17de46314b5c6a92,0.0077959092050086335
ck_6176baea8cbebbb6,0.004978608893611702
ck_e74716a525ee5b24,0.004847065941148217
ck_8fea7d915259f1be,0.014439774592896264
ck_ddc11fc481eef58d,0.021051006834822875
ck_4feb21e2fb0b3977,0.0062600117544476894
ck_03d3026107175dae,0.019621219544735127
ck_6ad56ef40086dbe4,0.004517419154771103
ck_e81fc223bed3c46a,0.036717818601579
ck_862c7953bdea48b0,0.009677134389680491
ck_c0dde2a6ef1e08c5,0.004027905265300185
ck_660f0006780e87e7,0.005251462446711844
ck_69887d0a9aaca6df,0.0016849788603646538
ck_a95f212a02433d23,0.0021119321154529605
ck_ce1e695884511479,0.011673961136229
ck_ebc5a2c6cf88e252,0.02723684264969533
ck_2122e9bb1afffef7,0.01239687015087009
ck_38730aace405f2ae,0.9933017488331611
ck_5691cd6fdb6d8147,0.02785216951913361
ck_7dadef33f5e2d94f,0.9970908666283067
ck_278b36c5932d9bff,0.00615489388500586
ck_6a892dd5d05c1649,0.0077514990880474255
ck_4a733aeb833406f4,0.006214051014116288
ck_953bd5de48ccd70f,0.7754348518717068
ck_3db59982cbae4410,0.0060688092019577766
ck_b8d210e741be186e,0.003094573498339411
ck_7d6bff85e7a694bc,0.010189529462575071
ck_be86a1db08dea456,0.0359906682100172
ck_f761b7650a0c1a85,0.03102484458649037
ck_de8494b13adeffb5,0.009604377400293277
ck_f854fba8f4adae3d,0.06268579858526092
ck_b98e9c3ec6e7d1e7,0.009592972396601233
ck_ccb72a33cc1877b7,0.015386546062743856
ck_76997a33c3ea5107,0.0017706850067574877
ck_d00e09e66ed6458b,0.24158539063679996
ck_2bd96ddb8c323d63,0.9890029048184772
ck_f792586ad0381eac,0.037999835238121865
ck_1eeeee651e05d535,0.02604282474013797
ck_fdf0c5b722d83464,0.0014895759798688947
ck_a823f5bcb0e4b9df,0.0007976845021018168
ck_28f530aec8e77130,0.02528290094903634
ck_80b04344c98ec072,0.28261664916310936
ck_97e56e6037024dff,0.0019591366666489515
ck_7c38ec898f0fc21d,0.004770374283727669
ck_205c3405045bd835,0.003987310133515251
ck_b456f62b80e21557,0.0007828871604325424
ck_1d6990d94a4d2ad6,0.04051685496461932
ck_a574a08edaf81781,0.003523877573420241
ck_c8f2a1dd8a6141a4,0.00369253038137424
ck_51440f64f7250ad7,0.05533304885932324
ck_fa7de64d37287615,0.014271050509427447
ck_d07bfb16a4a7dac0,0.8461527720074948
ck_0d362ddb4a1cb6d4,0.01707905270257705
ck_292f81186358b0fa,0.0075602498493655855
ck_d6e7e257751c299b,0.0016341344347588446
ck_1b5b75762f033462,0.02144489930907564
ck_152671fbf8a9a78e,0.04962922089978948
ck_c0cf50eef030b401,0.002496742153192594
ck_c1466b52c0a10b93,0.022985263068237467
ck_d208494cf5c90047,0.059551326170582876
ck_7fa947a0b1c1cf74,0.031038880037138596
ck_6cdac067cc4db5c5,0.056897785379585314
ck_e3894ed88a7977e4,0.00291222363097661
ck_53f55c6e8cf2d432,0.0022144332802030457
ck_a2c3e82fab520483,0.013714705516853833
ck_519a26ecf3d29c90,0.003176458413059405
ck_1a415416f620d49d,0.011808095778629277
ck_c24b47184534cc2c,0.9952538721039611
ck_b2b63ea65edf1dde,0.05773512482878586
ck_482dea6eed92cbbc,0.012313677406705538
ck_7297bff2b7fdcbc8,0.0008886355909819906
ck_9a21d183524734aa,0.051301182277712104
ck_95945f48453ca532,0.03968221955755681
ck_6fc37dea4b4f35c6,0.07196831461315893
ck_afaf374009d3b248,0.007797068642796817
ck_10de0b0d86b17839,0.007036303529102852
ck_142c00f9f8557504,0.02859849459927383
ck_c0133f60d39b2fb5,0.013793052091644378
ck_864a11202e19e812,0.10402292174207117
ck_3f943f20a9da9bff,0.011111065485710942
ck_7346e4f820d9c00a,0.8944988789455759
ck_9790138467a06223,0.0013239030861634715
ck_35b1939c48182a9a,0.01835047029467535
ck_11f362dca2dfaf5a,0.02853467607412423
ck_ae0a7be6b0a0ea68,0.02244801337188336
ck_0af5b7d128035b35,0.015203306748065363
ck_8d8226520722af78,0.0317081530270013
ck_de58ef6f9fe2b546,0.006442665305437386
ck_0274d881d6db82c8,0.0053991603055976315
ck_c88fc1bac79fa6d3,0.08067946612595969
ck_826ee896c9f1144d,0.12220844414909221
ck_3b436cb29af99f3d,0.018274743214653038
ck_6f8102f62c876cc9,0.02756056274283905
ck_20fad010969f1abf,0.003037523127202501
ck_23aab322810b9fec,0.009290582861055425
ck_4e329e29dfa743ea,0.1728805432228889
ck_2a7eba01ceba6c2c,0.10436902790076281
ck_9eb1da8cd35a50ce,0.003885275170001441
ck_da1a2450219dcf19,0.04007053338795682
ck_3716c6181a5035bc,0.018716218603178094
ck_51fe0b613c076cbe,0.003049101906415925
ck_8584fea2df4c6317,0.040154305665751254
ck_ea623358f704daa7,0.14375441843444564
ck_ca491debd3b32a59,0.013296471677144555
ck_18c3a095606209e8,0.012239520449302018
ck_71db4131d7efe218,0.007446504421152339
ck_a76e8d83b9141364,0.0263277446742448
ck_5d5ef9e75f65d076,0.01795465808673654
ck_683af7b1540a0b22,0.040929552582581706
ck_e8d37262e859d9a1,0.006039827551727773
ck_de5bb7a4d091386d,0.2091844941819657
ck_970c7dc195161272,0.002191836315474901
ck_80a64a7f0275a71d,0.004276949017934175
ck_04bd8a1ffaf3ffd8,0.0023982819096779505
ck_77e0589ab339ca66,0.005393442982264911
ck_7baf1e55db0dc558,0.0209839321140752
ck_f05f5e4b40afa52f,0.04604532785539806
ck_dddd14091ce812c2,0.011536102159852709
ck_12c46bc52bf45b36,0.043286584275725286
ck_740d8fe8028b5a2e,0.01840565506655675
ck_cf78169633a1600f,0.0030362880966681577
ck_1a3fd2cc4b4de196,0.004544722910772744
ck_f4fe78e249092ab1,0.03999085485038692
ck_966901ea9c77cc02,0.004938721530474002
ck_f9fc468915afe49c,0.02634076777340919
ck_af3f74b1d75a5d95,0.01315754282392927
ck_af70aa32c009c3c9,0.0196766382431879
ck_da645ea91d66aa6f,0.2715627900074385
ck_e15e3390f5ed45f3,0.010310741421720164
ck_5f87eb05d18186c0,0.017489124219226278
ck_a61a879dd46fc9f2,0.01200847100321043
ck_024dcab126876002,0.010366475728609806
ck_819b482bca14c068,0.19814827815828467
ck_15220e78d1545e40,0.007379667595604925
ck_2ca0020038bfec58,0.24083111240573998
ck_fb00dd5021642507,0.015044780690980456
ck_2737a72de6b700f3,0.3509544880973132
ck_263334d722ecbc97,0.2563373785112147
ck_ba1f6dd43fc8a0b1,0.006015052292060134
ck_5a22cb36d612236e,0.0030792404525285546
ck_d86ccf148c06c8c8,0.014460459107218902
ck_60b023af6d1e30bf,0.7351948982375689
ck_1c8b94efe9238f5b,0.0024321116385090133
ck_0284dc2b4f856b3a,0.23166875398776654
ck_72e550559487b919,0.0030068962259591787
ck_7e73e1d44ce82ed9,0.007883547467613845
ck_f8dc8473c2772729,0.016146762307017046
ck_4596624a7c01d501,0.015005424050902503
ck_04e89fbd739243fa,0.0019643112111770535
ck_6149ffaf18872dc8,0.002216119956009047
ck_e0171f91cb3411fe,0.0442814189051622
ck_1ecd5516c92caa4f,0.0016395918175451242
ck_21e3b3bd998745e5,0.06970248723976816
ck_05ed92a7c3e10e5d,0.027309351889780047
ck_d6fb9cc5171e3e9b,0.5368810671616492
ck_f0cf85b67a9b840f,0.02185841446945504
ck_c58bafff7b1955cc,0.012883790526175736
ck_06280e6d6d2485b0,0.008282035791725574
ck_99d3983f907828bf,0.004116218178713774
ck_05ea4440dac6cfad,0.018181282223827144
ck_5eec9ed855c26000,0.0012885951018790302
ck_5ab39bdc9610f6f3,0.7792523329647657
ck_c35d444e05799db6,0.049176031680824975
ck_87cce4126e215153,0.014951994278410347
ck_713649668a7ca824,0.04639921876887609
ck_0b0c93039f987abc,0.005683953689507845
ck_6d07d6d1bd227d37,0.11236811206755741
ck_e00e82a9419ff086,0.02752514795005829
ck_eaf3b6d11bc3cb11,0.0028567619132636567
ck_2bb7c17168a9d17d,0.029500625375391328
ck_416f7ac57da081a3,0.013087731894593464
ck_b60de9e97aad9e45,0.8889071997112885
ck_7973edc9f22ee7b6,0.02821900973029172
ck_8452b6cf97c65a5e,0.0094778619699477
ck_6fb39b60c67d5475,0.0023364070312488798
ck_785fa45e86bc5e95,0.01656530763965307
ck_3eba1fd2c7acc4c0,0.21910868079848836
ck_c10c8bcf5bcd516e,0.06084280625368849
ck_2825e34dd3e7ea2a,0.0026340451785233747
ck_67f3794d93e2dd67,0.08986159932426929
ck_9cbd9ecf8374f65f,0.0059966575417885574
ck_32246c62640648d9,0.000845825906606257
ck_f301f6758e170d66,0.04433476187489708
ck_885a83975cea5e64,0.0037482691111043664
ck_0d2901bfe585c391,0.07539809620712613
ck_52453401f88935da,0.025067568318209735
ck_f9d481aa4f9b2808,0.5617472617174655
ck_18c179b4afc4fccc,0.01599881086277845
ck_a477654d34783e06,0.003327442157917936
ck_7310cda3bc65a73f,0.004237371613997326
ck_c20e89afe575549b,0.004531455106534713
ck_668ec61c4c39cae3,0.001439768348175718
ck_fc2cb29918631f10,0.19637562823425914
ck_15ce50f2704227be,0.012135252763150486
ck_0c533ff2d0f9962a,0.007126928734897217
ck_5881b174e49b04ee,0.006582551997299572
ck_371bd9388b287677,0.0012475392491019318
ck_91a16336ce3217dc,0.051268519066381205
ck_a760d38d1bc4de97,0.005842857503163798
ck_a9dded7f6294e44f,0.026514281184609374
ck_c8a03c516ed5b05c,0.06309942479422943
ck_25bfca1d8eaa152d,0.017263721338134582
ck_191673540d8486af,0.06886980453908502
ck_82eed68d05a42128,0.041785202538484674
ck_24b0803447211bf3,0.022774493731556086
ck_023908db0a193076,0.07543642519824448
ck_aca35dbcb835ad02,0.047915830030535476
ck_248b3659a9239240,0.012348829666544218
ck_a51abde881ebeff3,0.02100532798736803
ck_db9b9d5d30f74070,0.06485138420461743
ck_8b3401b44aaae728,0.005798704520309771
ck_0841a5c24fd3dd28,0.02451034236775367
ck_541b6ad5d2fa5a39,0.006284401879425377
ck_16c7bf94ed3e7a6f,0.0017063109064657967
ck_c82897ebffb6ae66,0.0069018486320598
ck_b4a6bb4689cd7cfa,0.007981770101038779
ck_7c4f42c5397113b0,0.002833387051963464
ck_73f124f075ede0fc,0.008546183196731765
ck_7584e7bd755cb28a,0.016650197165969802
ck_9f792e7e721ff7f1,0.003954409180011613
ck_c735b643d3cbf67b,0.007010400857449761
ck_58bb02d98e2b9cd5,0.019457503409406888
ck_0d65bc749eb42710,0.02513584942508346
ck_6c33cb15b0d8af54,0.007098601455721889
ck_c7f6f45710bc050f,0.014855031211750209
ck_aefa0d8d933e0eca,0.02871957771301131
ck_c1ee56d65a42f59f,0.02950586742137896
ck_66147fb994495396,0.1811415860372488
ck_06e73afdec26aecc,0.2031605852747494
ck_9fb8e3d38cdf276d,0.923739366681279
ck_ff3998d6858daa21,0.0018822203372098132
ck_7f188aaa63d1d442,0.008903763094220444
ck_c7d444d90fa86d7c,0.48776897336162894
ck_d68d42858a55adff,0.026718747194228832
ck_fa7d5be26bf7b31c,0.25230259672052596
ck_352657008983fd4b,0.10705032997094259
ck_7476e7fe1ff45545,0.02669914322924525
ck_41406cfa209b6bda,0.003426880761019796
ck_475ebccca25e30d1,0.011244080989330602
ck_49ccc3716a564256,0.01009367916507187
ck_04470bc93b8a0d71,0.011039879864820216
ck_084cd84501012218,0.7281630245752762
ck_684609767df4a14b,0.06573277654813937
ck_3e4d02a04be2aaf8,0.08656948255822333
ck_f01af1b0c977cc06,0.004980309200390125
ck_027614eeba8b1a4b,0.004630487847263633
ck_0f743bd13373748e,0.020751342649005564
ck_399b0d510be98bd2,0.008592681475870726
ck_ca4465f2b5c1a52e,0.9499635592323482
ck_2a59f23fc5194699,0.054760931069263274
ck_243c18dbf150831c,0.0013039347410892534
ck_88d9244a9cf7a77e,0.38879954419989476
ck_1ba28fb7ef726ce2,0.009043233087343276
ck_786f079389126e44,0.020554565495177066
ck_4f01f7eac0efaba5,0.0019413721841399659
ck_47d29c01b20cf69f,0.004045023693502749
ck_07a5610ed28162fb,0.014544997637419399
ck_57b8226610b48854,0.004968345341984398
ck_c6fff412f531db0f,0.001181553359699456
ck_bac6dadf428eaea9,0.051530812896049556
ck_e37196b20968b73c,0.018763572569596737
ck_12631b78f8a03df2,0.0031756516473215196
ck_2c6b174b063ec637,0.006285390917577811
ck_af559f990c640e41,0.0049562224821262935
ck_e7a3881c3e36bd51,0.19718951042052757
ck_5839f5cbd8165b1e,0.023161078548708195
ck_67858bc00e81490d,0.0012263220954323076
ck_4737e0d56c6fa0a1,0.02734633984957837
ck_93e0d6befb67f7a1,0.04614266023565065
ck_2e315f1b1e533dab,0.009173917212344599
ck_af32a0660090dd68,0.02311008048757579
ck_ede2e887697ffac0,0.001673777463072558
ck_f48acb73a5d6af07,0.028615456961667236
ck_756d2c13d02b3e09,0.028802330500769805
ck_96fb9bf556842bbc,0.02821173087062117
ck_916784595f028226,0.07168389859217424
ck_20c99b645f462449,0.004162362374431214
ck_9863bff41d24ce9b,0.006503521301332227
ck_5009a6c8bbaf15ba,0.04445794052731228
ck_a821980ac4db9943,0.29352199181669447
ck_e6de67c0d82a7b83,0.020437866489260843
ck_752dd3d2487f78ea,0.005496183676858595
ck_9652283c9f61fcec,0.001389969315734516
ck_ff8059ae5fa5f1ee,0.00043721274806395223
ck_fc4a43f8876bf10f,0.22308334167367255
ck_a9aa5c344c315532,0.008321875636955606
ck_8e2b2251ee224aa4,0.00702901509560764
ck_3a47e3f54475e854,0.0022063108697069705
ck_51bd5f69b4fe0b92,0.6386572751565639
ck_d52432ed597f3cc9,0.002556926590171191
ck_04fb61e5739642f8,0.309483201402492
ck_fc3d95030b81f416,0.0011927592379859767
ck_1906f0dfaf6e9bad,0.4083639561012209
ck_66cfc1ebc9a513c8,0.006305176930637545
ck_1411a80a157ff39c,0.006916893098769589
ck_9b436162039a77d0,0.018971525872197224
ck_b9485218cef413f0,0.0038545535801001595
ck_b62f5144db15ad34,0.1554146217408618
ck_5dcd443fe0bbdeac,0.003018260138468768
ck_b7dd681eb3d2ee38,0.004536654957688329
ck_bd21164bd2bbb635,0.03250213580930952
ck_e6222925762273b8,0.05430101308367404
ck_bfecad7586f65e4d,0.01634830389155604
ck_aa9953c0ca2bed7b,0.0017349743483737665
ck_bea56db7f3e930e8,0.0024960599895142684
ck_e40a156511345d6a,0.0015960224301676611
ck_03f6664a96de7d0f,0.03204669834745454
ck_1a319e509f1efa1a,0.002259227162469987
ck_7a52674e2806d8f5,0.01532772704666411
ck_ec4dd3675a8d28cc,0.010426082040963985
ck_dce1fb3acd65562f,0.0026429029241667188
ck_abb9d65ff1f95b64,0.11739012855799097
ck_aaa9861c91bd14dd,0.004654328095120391
ck_2cbc2f93a32eede8,0.03929601072303077
ck_f2d3e3d90608596d,0.1958325307880646
ck_127273af97d7827d,0.00402108222013027
ck_a6def1e4b2d57e0d,0.02393078867257349
ck_96247fee0eb44420,0.004318232976434259
ck_5517b9a865960542,0.0020908002886918854
ck_37176850ed68831e,0.013436944843204872
ck_ae416325fef92c9d,0.9317859748842166
ck_f285e5e1912a7c62,0.004845996776008884
ck_368b65fca69fc415,0.03614132272250331
ck_9a36916b60178ded,0.8649349376113938
ck_4a0eae220a762ac5,0.03507712388366102
ck_e9b0bca7368555ef,0.003672554589024559
ck_da1c853b0a061e83,0.016748335885651573
ck_58412a2674fea506,0.019527089592943702
ck_9ab42875a0f95b43,0.034262091658770234
ck_affa5aa0bff9bb0c,0.006835355530914622
ck_d27a73596b6500c2,0.014464183126580635
ck_2d963f9b2c4d11e1,0.06470125268343731
ck_dc16f939c2f44ad8,0.054979773782746745
ck_97c38e7f61c27e47,0.01909820492818935
ck_861d8e3d88f1079e,0.11782762885998442
ck_819988d8a7f26415,0.003039850981766978
ck_5e021f2a3b66e256,0.03263239357063266
ck_0428728df24cdab4,0.006610220593193596
ck_780738e0d71e7e43,0.013803707515945004
ck_5fed957287ebca03,0.0018728769823056987
ck_bc19c383560c7477,0.026116901968447532
ck_b1befe967f7a5ebf,0.034350623432831254
ck_73a54b56a2bf35fe,0.9378362852411728
ck_60bf8a2870956fb1,0.005582716471949995
ck_6a0ccd7357979f0f,0.14400893535540696
ck_6b255bf68709109a,0.007881267021511061
ck_2cb3c99845e572da,0.0024770242957393536
ck_c9e1e3229baae708,0.011301173812891445
ck_1a4bb7d3d2ee3227,0.014763579237325653
ck_c7e07ebfb0bc15f6,0.029932623424388398
ck_4bb90a61c21a303b,0.022817412040718146
ck_3ade9eac7d7b0dbf,0.10914401801579521
ck_8171ef803f5ff604,0.013650387887790601
ck_4859a58629622915,0.02348839768959319
ck_20124c3a16c53ce4,0.003943022146881065
ck_dd3feb77d7d4f6d3,0.013872880713812803
ck_ed0c4a83701ca230,0.010777301183220024
ck_982ebb24174a4ade,0.0015682312467853177
ck_deb3ac0606d6f6db,0.006038494316138109
ck_e666629e5a41b39b,0.0056967486629028565
ck_1a9d6190c57ea7e2,0.4755616585668583
ck_527550dd15f38782,0.0301779280203865
ck_480347ad92037105,0.018287885386231207
ck_00b9818e2064405e,0.11281980322990476
ck_b53281da70defcfa,0.009871652590845239
ck_3f090fc96c24eb28,0.005461745627038691
ck_3d9afd862b3f4053,0.47480785393619473
ck_9bf3ce30b65f75c7,0.08011628472275197
ck_2d5a6b6636a2596b,0.0027285172765097155
ck_9a4967cdf49265cd,0.09747354863167697
ck_69691226c68fd50b,0.28015538618223756
ck_1b1efbd9c0964c8d,0.025490825836236904
ck_78bc3f1d0f35ea6c,0.00747359627743294
ck_d288b77d1e227970,0.04923026682136201
ck_017208fcc01b5d40,0.013338595514660429
ck_8b3b874249adece9,0.033120165734498566
ck_49ab879b5aa7fccd,0.09407872778498182
ck_b3ce8f1bcedfa043,0.016153838639403312
ck_7e3923d278a5106e,0.02394607763034306
ck_e05e91cc180063d4,0.08205924536648042
ck_ba666a425930615a,0.0016042707995338433
ck_a8382d8345f21e1e,0.0024551905344734346
ck_3dee83fa2d109484,0.0019157927340415538
ck_2d177b2f4f0b40c9,0.11395779851428807
ck_40140bef4db73741,0.006886874725630632
ck_22c862a496008c96,0.9943766823060066
ck_aa42976a31cb7770,0.0043231688033781935
ck_782b0be796164335,0.007901273506074481
ck_5f864d72d1eead99,0.09278809225179317
ck_0ada6fed1864e7c4,0.01311488850800552
ck_7878545739af0a73,0.002389859820767083
ck_ab973888c20c9120,0.09763313410515545
ck_1ae460f331e49ae2,0.015310563472219839
ck_509c22828d467ba3,0.0419814795796547
ck_24dae044dc05f849,0.05821240538628687
ck_2b8f33e22f939372,0.8238269847866564
ck_6a01c375fc26705a,0.0036404178465736484
ck_ae96d35465b3b4bd,0.006321045207947326
ck_512ebe97c0af94dd,0.1299508407713086
ck_5af9934a56801ac0,0.007519387287180153
ck_fc7445ec76389a58,0.3451322936872769
ck_b8266dcd90cbfa62,0.001496733128142825
ck_884b2e463ff1d54f,0.0062469304603793956
ck_95aff1fe27fb24bb,0.029904453707715814
ck_7bc752ae7cf5d55f,0.007661001343237309
ck_57b3fee69bdf85e8,0.004112171798762015
ck_ef0d702d7b0ed745,0.0031755451616878607
ck_212380e0371d8a6d,0.011754569574447439
ck_2b90b76cf4d162f9,0.013139798030773786
ck_87771861e0447210,0.12723951595988103
ck_21fe7bc59dcd78fb,0.003672256599406355
ck_fc0cc4b25e6a8194,0.004989154473003276
ck_e7a530e09d113dd7,0.08127903252398742
ck_3f94a34f5038f7c1,0.8608394370559082
ck_124565a11b2f8bb8,0.00257577314818614
ck_38ba4a6b6a292054,0.2564805688893742
ck_6a4981bc721df37a,0.01799940688839246
ck_4672167d7c989bbf,0.1481792155313847
ck_817926b449754917,0.00595813283736996
ck_54c2604c9ca6256b,0.010643621326882576
ck_0302f67d75973dce,0.005995557553384314
ck_9a6a1f8102febfca,0.051284607806608276
ck_7f1c20319eb60aa6,0.997840336005307
ck_a86cd653472eccbc,0.008825104656654686
ck_02028b72f26fe855,0.01756381823793974
ck_4108b4038f762817,0.03871986552212082
ck_63356762d24aab81,0.011832917384813445
ck_5e3bc76eddbdb0a6,0.00257778270397734
ck_7f3685aa2933b251,0.08174233937426731
ck_3b92a46daf8d00d2,0.02457615538601951
ck_f1d8a2695a575e56,0.001923141527302236
ck_0324a4812ec319c6,0.014585475092422471
ck_5c36c78b7a4d138c,0.0421028510704369
ck_9b6282e3bad50710,0.009434970389299434
ck_7373d7b04c7799bd,0.02052214804701034
ck_0b0e79d33e50cba5,0.004232410990517023
ck_f3c16d8f747db046,0.02076424629079115
ck_839ce35819bfa4fc,0.0029986379708504996
ck_275386782b1606f8,0.0050895323115065835
ck_4e9fba1ec54c3ff8,0.014507529108343187
ck_4b041217690fca2f,0.03801116158574432
ck_a59e90219939a1f0,0.0019486944766434705
ck_a9c2cdc758df8510,0.06112112057853188
ck_720cd658d11ea428,0.057309667695070426
ck_fdeaa1cd085691f0,0.037514791975703274
ck_2bb1389e5e72c8f4,0.02856989041187028
ck_5de33a7a87e9aa62,0.04908847549948184
ck_f7a07283345a0dce,0.005039053712843184
ck_c375e929becde422,0.008638119777836815
ck_c84ef83489badbfd,0.023371505128021813
ck_cc3318839c4b0745,0.002509245793779458
ck_279a1d3a3836e5cc,0.07242428182497175
ck_7977135c2ff61e92,0.01179104708152743
ck_6a1ff9d69466181c,0.9976167105819964
ck_e1ff9e31becc27ae,0.17084033582624858
ck_a13fee8cd925d0dc,0.005283682377471823
ck_b170a7db522a0d6f,0.015523388427214077
ck_8d38747058d0aeea,0.3406558227988763
ck_18116d0ac08f1996,0.9401767430507018
ck_2210f7a0d13bdbef,0.05346041191932604
ck_1af547077ba2dd03,0.31242335162605595
ck_516163fcf04d5e77,0.04625537706288996
ck_8b39d8aacfdd72b4,0.012090523906271758
ck_d39b0152116203be,0.005443040275591664
ck_ed33f8a937f9c7c8,0.01411017592255164
ck_ea1e5b5128ecba2c,0.0017517032055135691
ck_8247f008a14bd1a2,0.004806152578606449
ck_3d6046a533057795,0.002381453127232685
ck_0bf2e13b9f2601ac,0.047272823503438414
ck_f4de03f44e3a5bd5,0.00569442483597773
ck_3ba3fa5387bacee8,0.0004210136539820837
ck_8f604fa70fc3c8e3,0.00457612435218467
ck_64f3bb17101b7c42,0.006151686309155606
ck_a4e6fc391b674335,0.5743451366803858
ck_79b6a86830156b5a,0.020644992039331043
ck_d74123617f22a21e,0.009006679218125278
ck_9dbe184e81c1ca8d,0.18859818065752276
ck_de2924955926d046,0.015222693737891129
ck_e556c4d36aadbe03,0.001983085517239408
ck_e37cee7b123692af,0.030900125308974066
ck_c50fed2a7c9198c0,0.016167896295125068
ck_5647030283171ed5,0.7883038485743605
ck_d4972a775aadbbc8,0.008328109142225011
ck_ce5ed372b1a2ed6b,0.04142657846042279
ck_3eb6146c262e0fc3,0.0018957086557170291
ck_53816231f3ffb48d,0.007558305594253189
ck_afb23858a4ef42ed,0.9896498114064609
ck_3882423b449f6291,0.8749740665547903
ck_79b235d51718435d,0.018811339867254365
ck_298278a9da874437,0.010930416975432383
ck_32f632706608859e,0.006669723169758468
ck_3638bc3388dbc1bc,0.09833399264938353
ck_ac7cdb9b8da7b5dd,0.028499923385268546
ck_7d025dea5951cba7,0.0037702092963987936
ck_f06d00a4f9c87d80,0.0012729240873229583
ck_d9c2622cb6df380b,0.007971981248030365
ck_d4ec44760cbe03f4,0.018265555972762564
ck_c1d05ef0ec6e4be7,0.01178574371679381
ck_5abe57dfff4b735c,0.010686415833684225
ck_53cddfba570b4a3b,0.011427320975365734
ck_7c500e219af39486,0.008277061382933626
ck_3bece63711407e25,0.023630852581856505
ck_8ff1e6028e764472,0.7671137331068523
ck_8c346eeefa9ce692,0.01390976975137967
ck_d840db8cfe2ef6f1,0.003133189155790405
ck_cc6d33890d47a6cf,0.019123556172793408
ck_2ab28149b0986642,0.04067298789405606
ck_4ad5937bef176d89,0.0020618986997367685
ck_645f15bbbcff3b4f,0.9926785224847691
ck_aba32acb61c1aaca,0.03923725168664919
ck_26de14b96bdad4f6,0.002672324099632105
ck_ab80466ef615e85c,0.0031279690005426857
ck_ba93cb604f792915,0.03808850372509269
ck_3830c58d841e9e69,0.5080686683089378
ck_1d5d74169cf892ef,0.025904847905851423
ck_eb2323215ff70362,0.03959076334292577
ck_6775e387dace7525,0.028713566911984918
ck_0ea30eff5f361cba,0.013908493285578718
ck_cc5a35175d381d5a,0.012710371764516608
ck_e14681aad43e1a72,0.015089750232766203
ck_3222ea25aa29bfa6,0.002868475493131103
ck_f6c42001b84a10cb,0.07727373331707955
ck_3753cc5b9d02e2fd,0.004437351118677709
ck_eaf6f7082c3db2bf,0.053629926412773754
ck_a9ffd6b3957bd41e,0.003236468003343842
ck_558a82590f65df69,0.002612514267114178
ck_7ec423cb56257516,0.017944421623485945
ck_b3867f7f494db64c,0.0008330410308516156
ck_3c9a06eb07c300e4,0.0016923478107014362
ck_d960af7a55b892b1,0.005626469498203496
ck_3d83e0a3c1cfbf8b,0.009436650716673973
ck_34ed59bc2c9b0186,0.0018765386722944099
ck_4136b00924695ab4,0.00047710791686625035
ck_c802cf8f61466027,0.002590203588772816
ck_de436e7b319be1fa,0.9927585947232651
ck_91081be0254878a5,0.005033868528025596
ck_ec2eee6a133e9a6f,0.04489211106176273
ck_81429c4910ca46cd,0.001536514316456008
ck_80ad4396e1084c68,0.030327050777255646
ck_11667f5b9fac7bc7,0.0005514855763460314
ck_7367917891a63771,0.01899818348795431
ck_f908b527c4db422d,0.04825958538307296
ck_2329cc9702cdf7a0,0.03261155290205049
ck_6573c4947cc8607e,0.049378046462143534
ck_ebcb93a2990fc914,0.056286460774402504
ck_7a1782cefe26a456,0.049505906588675166
ck_ee3e7c9d3a9c74b4,0.04665735998219349
ck_720776a46e56dfa8,0.022708043258761516
ck_bc8f31f4a2ffa1ae,0.0004493338870885796
ck_0cd8802264e0a1ef,0.0072542178021591935
ck_c0d2c56f9c722e99,0.9729664648878403
ck_8c949bdc6e8720fa,0.11994299314579264
ck_0ada63008be5685a,0.03841303239468569
ck_a3f821bdf408c326,0.0020803771543609567
ck_de13de941bebc7cf,0.0010454256248401514
ck_fc8cd8a8209e802d,0.021530146972101028
ck_181f3dae03b87136,0.044838134272802324
ck_ecaa6f13304e3dc5,0.002107147891584454
ck_e06f6fed020ae014,0.009462395927891628
ck_2c041b1efb1c5063,0.01137539143959637
ck_8abd1a50a9227463,0.004666425042298981
ck_8ef1d05cc1e53e7e,0.031153398798561677
ck_4637e54a9f79e2e7,0.0033423730734051106
ck_e8bc49e6494c1f37,0.0012467772376191036
ck_11f9390a11ce9ff5,0.03744184106115731
ck_15b4840922195ffd,0.015676211017522607
ck_6bcfa37c717f19f1,0.024516280231538207
ck_efb24be983342f75,0.010490737435269471
ck_5b137d74bba6b1b4,0.0009753940547644373
ck_295c0072eca7f7a2,0.00778319392794739
ck_4af7b97c24d89a45,0.05080655574251894
ck_fa0ecbcf9a33d6ce,0.003554672845795282
ck_da84a0dfe947fd3c,0.006671176375834609
ck_3e3c64b3b7876ce6,0.027741612819082107
ck_da2729307af06ed5,0.021060600289492856
ck_74d0e7c2c6b63d36,0.7923827238082497
ck_c478aae3031bb328,0.009285752447732045
ck_cf301f2194975866,0.011060672555763006
ck_086d29ccae565e5d,0.0025601149187060098
ck_34a33ffe8339f66d,0.954458460046794
ck_e57c79eaab35ded7,0.0038016546348329057
ck_4940e78cbdcfecf3,0.004146453281511524
ck_578f67e69e5d2cfd,0.0022414084842319604
ck_c767fc454fa215d0,0.003477417134728692
ck_5d644224135d7c65,0.014264362010881979
ck_e78ab4ff52b5fd2d,0.009840918453962939
ck_51efdd240e34c642,0.061911415165513885
ck_c39c6a1453e2b92c,0.0015740106368722616
ck_b080ff636932d1f1,0.0004564704096268419
ck_5c8390017fabfaef,0.09585194896741217
ck_61176dafb33b2d8a,0.6310209993247311
ck_fc6fed6ea96a004a,0.017119354133343232
ck_3e2516a3e35067e0,0.003840440433319922
ck_17a95bba77217d85,0.026887766907670505
ck_1ffbce3a239bb264,0.013947306783598788
ck_7f960541e5174565,0.004032876826943325
ck_9b1c3742dd6fcb8b,0.021975148620269024
ck_d5458ba39ae94498,0.01646923261898732
ck_0a921a73a90c2e39,0.019931156867540722
ck_293581d879f6663b,0.8774988561460554
ck_03e904682dc73bba,0.01006455982134553
ck_4f490e379e9ded9a,0.00493674260017417
ck_9b9ce7bebc235fe8,0.004650931376194787
ck_a4a42d4bff8af645,0.004002635776011855
ck_b046067c6ca3831e,0.0018023853747991545
ck_bc7ece8787ca7200,0.006295100436797323
ck_2c5bc11bb7ae5d2c,0.9473643423800702
ck_b74b9ba6d7c9aab7,0.11467896628906983
ck_91d48d69e4f5d9c2,0.0063707333721395075
ck_1a71f8081ae00190,0.9559561848304245
ck_38ba64efa7c38250,0.036243057606906826
ck_1a6ddfeef82b1b1a,0.007510894473871152
ck_c4402ea6291df271,0.019332353072324074
ck_478d2667aa9896d9,0.01664365501711038
ck_c9490cb61aff5112,0.013287411704898546
ck_88f27ab479063852,0.04281231438449266
ck_b7793edca26fc512,0.015896390111737838
ck_f88028c3f306bc70,0.03940839521928999
ck_e8a6acea22b20312,0.18720966506188785
ck_c8b7f241810b45e5,0.0031399161367705463
ck_2408db62e4395ccd,0.009844997504302122
ck_bcdbf57d98dc0d27,0.03698518220515065
ck_b3225a98acd04f83,0.003987355135341073
ck_35694db37f0cde7a,0.0009049625604779633
ck_87d55ca333f22072,0.002382958286645433
ck_ccc917533d4b73d4,0.039412538445219636
ck_0c5ba86f4e05b38d,0.02626747797775181
ck_8740a14d8096c6e1,0.013347118157033003
ck_17ab24fe914ae44b,0.001956327943358019
ck_3b963d6be2773861,0.010213378448987688
ck_c183dff3781746cb,0.05316002356590165
ck_7336611650dcc088,0.0034772243962114167
ck_c817259019588d30,0.014260115759760751
ck_d39864119cdd460f,0.009416932845885179
ck_463ae759e2b6ad1d,0.0238289992173297
ck_e560f720a988d8a2,0.49873208598308716
ck_72dd0dbdf808cb00,0.10031138281914166
ck_32bb42f9bff197f8,0.00517648151190196
ck_70bef9ddd4bab005,0.001266938546652919
ck_4b15b0746318cf42,0.06839804040744572
ck_39a68c55a1bd3ace,0.1739067968721367
ck_4c76efcc1ee6762d,0.02133864975904222
ck_79f5198f0decef20,0.0015646076683692159
ck_f655399ac75c4450,0.01878857094381568
ck_24b53090faf722cf,0.009128672846599448
ck_11cb98211b2ed134,0.9657386930880939
ck_3534be0f4efd313c,0.037321100801616124
ck_28d2003c2d16e4b6,0.0008725520758433753
ck_d3796aebda1cfed5,0.9778153301157635
ck_a3a0bd59729fe619,0.00173242376549796
ck_8ddaf745bbb9cd62,0.0016053474481715743
ck_fa24db9d416ab904,0.007002943246447237
ck_493b6256091014cd,0.029832752830455042
ck_57a6b56b09bff24e,0.004894061422651188
ck_a2245822cfea997d,0.0017901359183549492
ck_92f6ebc11ebca89b,0.04953172940804266
ck_fbf630c960194033,0.01834552937520881
ck_1c17c65804f8889e,0.005521241319956134
ck_00ff7389d6a83e29,0.166205160061216
ck_bdd8eba728800e29,0.03040974690270629
ck_0525349f3945375b,0.058955118281961254
ck_d1b0699d26282871,0.03338912388570329
ck_a678731156ad7bd2,0.18654637511302857
ck_011551a596544f5d,0.007901192776127667
ck_0bfe62e0c7eab9c9,0.015572948576411748
ck_e5ee006ecd8ff661,0.06876288376938633
ck_e2374c7136c964fd,0.08445674483700305
ck_af528d66c86f0cb8,0.007491309797482959
ck_5448c946cc4758fe,0.0067112808405726376
ck_37d3e5c681a2214d,0.49301033241732495
ck_fca478361870a4ca,0.03955770496790942
ck_fb44d15fb93a7157,0.03321892906746406
ck_0e8f26536ccc8947,0.029538503726694577
ck_6768c4b2aa8ce586,0.008757973848859391
ck_6a548da1728b5823,0.9852363629530665
ck_0e7bf10ef49aa818,0.06067287873475627
ck_f2c824d3473db24c,0.003107214411899493
ck_d9ffca35188e49d8,0.016147048482984917
ck_3db73bbe03c3d240,0.001519509150878821
ck_899f88464305824a,0.08827096893820162
ck_148c28df51bba5e9,0.9941076641110552
ck_7955a359b6448799,0.0013465701101523667
ck_8c748aaa4a4554f9,0.024242051932946436
ck_fba15647b3a140d9,0.004622463534670169
ck_c2fc0ac460786d02,0.05235421357042895
ck_e42206e91f6a1752,0.002039754880572668
ck_8c136dc691e65695,0.0005398112087732726
ck_8c0955dad13c3ca1,0.005924742910873442
ck_6d4cd2de601a2308,0.013855131757617191
ck_76ea90ebc74bcdc7,0.02335710739692617
ck_734f06bd4aa92781,0.026459901323181156
ck_41af3729590c2484,0.00609726216920496
ck_e63256667aa19070,0.04616633131660392
ck_1b2ce474fa6582b4,0.022478164786434416
ck_c8131ddc7ed33448,0.006147030374729975
ck_33ecff7914349ebc,0.011586372253453865
ck_36287d063350ce9d,0.0029558528090140577
ck_956dd784525f5886,0.03149388881075838
ck_ba7b78d31d74c794,0.02187955249050402
ck_5bea0e0ee0b094cd,0.002418688425325956
ck_d6a4faadab58a3de,0.008107259652935237
ck_bdb966f43ac350ee,0.04020686852335823
ck_3fa559c679751b3a,0.012322207505118532
ck_7ef019ed77276496,0.003601691750771956
ck_0e6046fc30f81705,0.018621591076607862
ck_53aca610e20598bc,0.010001616202401246
ck_5275be4e1577c1c7,0.003738578501685565
ck_43948784650bb9ac,0.005641462049241325
ck_5c87eea1cc07cc92,0.06296718203779957
ck_5f445182829ef342,0.035746689089027596
ck_cc81dbc83a8879fd,0.010102900703870219
ck_68ef3e7301c621b7,0.01351463534200686
ck_e988c108754cee9c,0.008613613992263751
ck_3327a0582407068b,0.024034009526992577
ck_e1d563fab4d6116a,0.0047663493844262265
ck_588f6e6a6a6d93e8,0.01567362701529072
ck_723b4afc388113c8,0.005654492291049069
ck_240f7f894c5a86e7,0.005077948434958951
ck_ab553954435e8854,0.9232197684559164
ck_78cd402a2a4f2e35,0.001965414562383792
ck_09054e97bdf9624e,0.004574318360636923
ck_303b33910d67f306,0.004055244089887308
ck_74e9747954a46eaa,0.015579096528572273
ck_b56c62c950eda009,0.002460985947900875
ck_58f757e40a9b8877,0.04457245390655751
ck_45a16ce12893cf9b,0.02039035617121099
ck_3272c2c4a37d5220,0.21725130032660014
ck_9cb89cc3178e0172,0.0016562149240334034
ck_c5d62b2b7a6f3bac,0.9962264830258761
ck_0dd417fcbf19e424,0.04099273746631672
ck_5379452a9d74efae,0.005628981130205155
ck_344a95cb7115ec67,0.007617006512630165
ck_6f9fd15ac6b163de,0.0023011598852156444
ck_173e1198c341087b,0.006155863064480477
ck_9994323f97109f4b,0.9725854668418504
ck_05f375fc8ae0afb0,0.010626201074319651
ck_d328db1e1052d820,0.011932780080437244
ck_70396398e4a96449,0.006092307305121514
ck_61b067de8ffc1ca1,0.028540302698674185
ck_87809324c2675b0a,0.02006701798630294
ck_27cdf9c5e6f0915b,0.007789528721001126
ck_5b8fc4a76f340797,0.04665262283973252
ck_a44462a3853ac67e,0.9899375790732953
ck_466a7316eaf149b1,0.043477631074647534
ck_d35c51e981b98c5c,0.04132978698605477
ck_99c0004d8b7079f8,0.00979678934673605
ck_8a8f81bf3558fd9c,0.006959981275122332
ck_b4dcebc543deaafb,0.035372451749552745
ck_7158ad9e58769ffa,0.06201305114993863
ck_3c02d4dbbf6716b6,0.02179913866857897
ck_41ef7967faf5ce82,0.0009834835486616223
ck_a7c1dabf3869772f,0.07814654449236905
ck_77d9f86dcf251739,0.005607861960365376
ck_02903c48b6cfd65d,0.0031166381672100324
ck_b45e47c39d4dc7bf,0.012042004860121747
ck_e55e5bdfc0242aef,0.033117712171771126
ck_ae20e28f9854f3ee,0.027328516841788292
ck_9e65a8a2f587691a,0.013831144134666315
ck_dceabbe04d99afc2,0.0012322959211488692
ck_837be8126bb19250,0.002697241873787004
ck_c05737ab74cf03c6,0.046403991127687956
ck_2cdf5fd97ba75e06,0.0768740980836397
ck_97b8e05d62abdc14,0.013965124890278038
ck_7df9910af2bba21b,0.0049212213674684905
ck_850e2b59bc535490,0.03160990891720197
ck_978c21bb5fe3171e,0.02821805878768927
ck_d654449f9231ad76,0.004454669310359771
ck_e136e20c1c74fe38,0.0086576990616417
ck_2fe6cac002142f67,0.03487082617957354
ck_8432ccec1a4ec7fd,0.9931425643295153
ck_95e4bef65c36af1a,0.000818162093547695
ck_a725d7aed2a0bdc2,0.004572689752171258
ck_9b9d9e579e7b55b2,0.19293238386630238
ck_ea4332c8fe48e2a3,0.012634731420225512
ck_9937dad93a0ed3c1,0.009701262667680807
ck_3dc4d464386f0eb2,0.11746110523039784
ck_e0e90b196bef3c11,0.0022409027728832057
ck_2139062d4569aa07,0.007327664688121864
ck_8de38f8c7f91961f,0.04612756498520478
ck_bdbb4230c91e1604,0.044427891474935435
ck_f7305b3c64cf8a03,0.054046078630127996
ck_454a7e4d859a3409,0.0007713913128741864
ck_00d6730134a1eb51,0.00947561035004635
ck_dd89a282375bbab6,0.055568664692589774
ck_be2251640f27a3c9,0.1762923934530483
